datetime,from,to,distance,cost
2023-01-01 00:00:00,317842.0,318711.0,0.872,
2023-01-01 01:00:00,318721.0,315955.0,1.322,
2023-01-01 02:00:00,315927.0,318236.0,1.222,
2023-01-01 03:00:00,318711.0,318721.0,0.233,
2023-01-01 04:00:00,318236.0,317843.0,1.22,
2023-01-01 05:00:00,315955.0,315938.0,0.239,
2023-01-01 06:00:00,315969.0,315927.0,0.256,
2023-01-01 07:00:00,312346.0,312326.0,0.255,
2023-01-01 08:00:00,312343.0,312439.0,0.283,
2023-01-01 09:00:00,312439.0,313114.0,1.85,
2023-01-01 10:00:00,313111.0,317853.0,1.031,
2023-01-01 11:00:00,313114.0,313111.0,0.218,
2023-01-01 12:00:00,317852.0,312346.0,3.208,
2023-01-01 13:00:00,316174.0,317852.0,0.557,
2023-01-01 14:00:00,317853.0,313132.0,0.751,
2023-01-01 15:00:00,316085.0,316174.0,1.369,
2023-01-01 16:00:00,313132.0,316084.0,1.171,
2023-01-01 17:00:00,315982.0,316085.0,1.095,
2023-01-01 18:00:00,316084.0,315993.0,1.108,
2023-01-01 19:00:00,315993.0,316009.0,0.255,
2023-01-01 20:00:00,316001.0,315982.0,0.17,
2023-01-01 21:00:00,316009.0,316018.0,0.782,
2023-01-01 22:00:00,316009.0,316019.0,0.782,
2023-01-01 23:00:00,316032.0,316001.0,1.493,
2023-01-02 00:00:00,316018.0,316045.0,0.795,
2023-01-02 01:00:00,316019.0,316045.0,0.795,
2023-01-02 02:00:00,313487.0,316032.0,1.195,
2023-01-02 03:00:00,317064.0,316032.0,1.195,
2023-01-02 04:00:00,316045.0,316063.0,1.275,
2023-01-02 05:00:00,316045.0,316064.0,1.275,
2023-01-02 06:00:00,314165.0,313487.0,1.749,
2023-01-02 07:00:00,314165.0,317064.0,1.749,
2023-01-02 08:00:00,315880.0,313487.0,1.749,
2023-01-02 09:00:00,315880.0,317064.0,1.749,
2023-01-02 10:00:00,316063.0,316387.0,2.373,
2023-01-02 11:00:00,316063.0,316388.0,2.373,
2023-01-02 12:00:00,316064.0,316387.0,2.373,
2023-01-02 13:00:00,316064.0,316388.0,2.373,
2023-01-02 14:00:00,314491.0,314165.0,2.439,
2023-01-02 15:00:00,314491.0,315880.0,2.439,
2023-01-02 16:00:00,315882.0,314165.0,2.439,
2023-01-02 17:00:00,315882.0,315880.0,2.439,
2023-01-02 18:00:00,316387.0,316328.0,1.687,
2023-01-02 19:00:00,316387.0,317168.0,1.687,
2023-01-02 20:00:00,316388.0,316328.0,1.687,
2023-01-02 21:00:00,316388.0,317168.0,1.687,
2023-01-02 22:00:00,314485.0,314491.0,0.221,
2023-01-02 23:00:00,314485.0,315882.0,0.221,
2023-01-03 00:00:00,315883.0,314491.0,0.221,
2023-01-03 01:00:00,315883.0,315882.0,0.221,
2023-01-03 02:00:00,316328.0,316314.0,0.294,
2023-01-03 03:00:00,316328.0,317171.0,0.294,
2023-01-03 04:00:00,317168.0,316314.0,0.294,
2023-01-03 05:00:00,317168.0,317171.0,0.294,
2023-01-03 06:00:00,314433.0,314485.0,2.939,
2023-01-03 07:00:00,314433.0,315883.0,2.939,
2023-01-03 08:00:00,315886.0,314485.0,2.939,
2023-01-03 09:00:00,315886.0,315883.0,2.939,
2023-01-03 10:00:00,316314.0,314460.0,2.861,
2023-01-03 11:00:00,316314.0,315866.0,2.861,
2023-01-03 12:00:00,317171.0,314460.0,2.861,
2023-01-03 13:00:00,317171.0,315866.0,2.861,
2023-01-03 14:00:00,314460.0,314446.0,0.259,
2023-01-03 15:00:00,314460.0,315867.0,0.259,
2023-01-03 16:00:00,315866.0,314446.0,0.259,
2023-01-03 17:00:00,315866.0,315867.0,0.259,
2023-01-03 18:00:00,314419.0,314433.0,0.249,
2023-01-03 19:00:00,314419.0,315886.0,0.249,
2023-01-03 20:00:00,315887.0,314433.0,0.249,
2023-01-03 21:00:00,315887.0,315886.0,0.249,
2023-01-03 22:00:00,313438.0,314419.0,3.248,
2023-01-03 23:00:00,313438.0,315887.0,3.248,
2023-01-04 00:00:00,315891.0,314419.0,3.248,
2023-01-04 01:00:00,315891.0,315887.0,3.248,
2023-01-04 02:00:00,313450.0,313438.0,0.313,
2023-01-04 03:00:00,313450.0,315891.0,0.313,
2023-01-04 04:00:00,315892.0,313438.0,0.313,
2023-01-04 05:00:00,315892.0,315891.0,0.313,
2023-01-04 06:00:00,314446.0,318665.0,5.476,
2023-01-04 07:00:00,314446.0,318666.0,5.476,
2023-01-04 08:00:00,315867.0,318665.0,5.476,
2023-01-04 09:00:00,315867.0,318666.0,5.476,
2023-01-04 10:00:00,313493.0,313450.0,2.467,
2023-01-04 11:00:00,313493.0,315892.0,2.467,
2023-01-04 12:00:00,318665.0,316414.0,0.571,
2023-01-04 13:00:00,318666.0,316414.0,0.571,
2023-01-04 14:00:00,313512.0,313493.0,0.205,
2023-01-04 15:00:00,316414.0,318620.0,0.569,
2023-01-04 16:00:00,318611.0,313512.0,0.483,
2023-01-04 17:00:00,318612.0,313512.0,0.483,
2023-01-04 18:00:00,316438.0,318611.0,1.93,
2023-01-04 19:00:00,316438.0,318612.0,1.93,
2023-01-04 20:00:00,318656.0,318611.0,1.93,
2023-01-04 21:00:00,318656.0,318612.0,1.93,
2023-01-04 22:00:00,318620.0,318649.0,2.358,
2023-01-04 23:00:00,318620.0,318650.0,2.358,
2023-01-05 00:00:00,316451.0,316438.0,0.212,
2023-01-05 01:00:00,316451.0,318656.0,0.212,
2023-01-05 02:00:00,318636.0,316438.0,0.212,
2023-01-05 03:00:00,318636.0,318656.0,0.212,
2023-01-05 04:00:00,318815.0,316451.0,1.467,
2023-01-05 05:00:00,318815.0,318636.0,1.467,
2023-01-05 06:00:00,318816.0,316451.0,1.467,
2023-01-05 07:00:00,318816.0,318636.0,1.467,
2023-01-05 08:00:00,318649.0,318800.0,1.399,
2023-01-05 09:00:00,318649.0,318801.0,1.399,
2023-01-05 10:00:00,318650.0,318800.0,1.399,
2023-01-05 11:00:00,318650.0,318801.0,1.399,
2023-01-05 12:00:00,318800.0,318832.0,0.32,
2023-01-05 13:00:00,318800.0,318844.0,0.32,
2023-01-05 14:00:00,318801.0,318832.0,0.32,
2023-01-05 15:00:00,318801.0,318844.0,0.32,
2023-01-05 16:00:00,318772.0,318815.0,0.707,
2023-01-05 17:00:00,318772.0,318816.0,0.707,
2023-01-05 18:00:00,318773.0,318815.0,0.707,
2023-01-05 19:00:00,318773.0,318816.0,0.707,
2023-01-05 20:00:00,318832.0,318764.0,0.302,
2023-01-05 21:00:00,318832.0,318775.0,0.302,
2023-01-05 22:00:00,318844.0,318764.0,0.302,
2023-01-05 23:00:00,318844.0,318775.0,0.302,
2023-01-06 00:00:00,318787.0,318772.0,0.448,
2023-01-06 01:00:00,318787.0,318773.0,0.448,
2023-01-06 02:00:00,318788.0,318772.0,0.448,
2023-01-06 03:00:00,318788.0,318773.0,0.448,
2023-01-06 04:00:00,318179.0,318753.0,1.742,
2023-01-06 05:00:00,318753.0,317752.0,5.762,
2023-01-06 06:00:00,317166.0,317157.0,0.226,
2023-01-06 07:00:00,317157.0,314217.0,2.283,
2023-01-06 08:00:00,314217.0,318787.0,3.717,
2023-01-06 09:00:00,314217.0,318788.0,3.717,
2023-01-06 10:00:00,318764.0,317752.0,6.794,
2023-01-06 11:00:00,318775.0,317752.0,6.794,
2023-01-06 12:00:00,314217.0,318180.0,4.577,
2023-01-06 13:00:00,318180.0,318401.0,5.767,
2023-01-06 14:00:00,318401.0,318421.0,0.314,
2023-01-06 15:00:00,318432.0,318412.0,0.229,
2023-01-06 16:00:00,318421.0,317081.0,3.665,
2023-01-06 17:00:00,317088.0,318432.0,3.762,
2023-01-06 18:00:00,317146.0,317143.0,0.315,
2023-01-06 19:00:00,317139.0,317141.0,0.286,
2023-01-06 20:00:00,317143.0,317862.0,1.305,
2023-01-06 21:00:00,317861.0,317139.0,1.4,
2023-01-06 22:00:00,317869.0,317861.0,1.606,
2023-01-06 23:00:00,317870.0,317861.0,1.606,
2023-01-07 00:00:00,317862.0,313190.0,2.891,
2023-01-07 01:00:00,317862.0,314730.0,2.891,
2023-01-07 02:00:00,317862.0,315828.0,2.891,
2023-01-07 03:00:00,317862.0,315830.0,2.891,
2023-01-07 04:00:00,313190.0,314697.0,0.788,
2023-01-07 05:00:00,313190.0,314698.0,0.788,
2023-01-07 06:00:00,313190.0,315831.0,0.788,
2023-01-07 07:00:00,314730.0,314697.0,0.788,
2023-01-07 08:00:00,314730.0,314698.0,0.788,
2023-01-07 09:00:00,314730.0,315831.0,0.788,
2023-01-07 10:00:00,315828.0,314697.0,0.788,
2023-01-07 11:00:00,315828.0,314698.0,0.788,
2023-01-07 12:00:00,315828.0,315831.0,0.788,
2023-01-07 13:00:00,315830.0,314697.0,0.788,
2023-01-07 14:00:00,315830.0,314698.0,0.788,
2023-01-07 15:00:00,315830.0,315831.0,0.788,
2023-01-07 16:00:00,314697.0,313166.0,0.739,
2023-01-07 17:00:00,314697.0,315827.0,0.739,
2023-01-07 18:00:00,314698.0,313166.0,0.739,
2023-01-07 19:00:00,314698.0,315827.0,0.739,
2023-01-07 20:00:00,315831.0,313166.0,0.739,
2023-01-07 21:00:00,315831.0,315827.0,0.739,
2023-01-07 22:00:00,314689.0,317869.0,2.841,
2023-01-07 23:00:00,314689.0,317870.0,2.841,
2023-01-08 00:00:00,315833.0,317869.0,2.841,
2023-01-08 01:00:00,315833.0,317870.0,2.841,
2023-01-08 02:00:00,313166.0,313172.0,0.26,
2023-01-08 03:00:00,313166.0,315823.0,0.26,
2023-01-08 04:00:00,315827.0,313172.0,0.26,
2023-01-08 05:00:00,315827.0,315823.0,0.26,
2023-01-08 06:00:00,313172.0,313178.0,0.498,
2023-01-08 07:00:00,313172.0,315826.0,0.498,
2023-01-08 08:00:00,315823.0,313178.0,0.498,
2023-01-08 09:00:00,315823.0,315826.0,0.498,
2023-01-08 10:00:00,317933.0,314689.0,1.044,
2023-01-08 11:00:00,317933.0,315833.0,1.044,
2023-01-08 12:00:00,317934.0,314689.0,1.044,
2023-01-08 13:00:00,317934.0,315833.0,1.044,
2023-01-08 14:00:00,313178.0,317956.0,0.893,
2023-01-08 15:00:00,313178.0,317960.0,0.893,
2023-01-08 16:00:00,315826.0,317956.0,0.893,
2023-01-08 17:00:00,315826.0,317960.0,0.893,
2023-01-08 18:00:00,317956.0,317947.0,0.334,
2023-01-08 19:00:00,317956.0,317948.0,0.334,
2023-01-08 20:00:00,317960.0,317947.0,0.334,
2023-01-08 21:00:00,317960.0,317948.0,0.334,
2023-01-08 22:00:00,312570.0,317933.0,1.78,
2023-01-08 23:00:00,312570.0,317934.0,1.78,
2023-01-09 00:00:00,314625.0,317933.0,1.78,
2023-01-09 01:00:00,314625.0,317934.0,1.78,
2023-01-09 02:00:00,315872.0,317933.0,1.78,
2023-01-09 03:00:00,315872.0,317934.0,1.78,
2023-01-09 04:00:00,317947.0,315834.0,0.864,
2023-01-09 05:00:00,317948.0,315834.0,0.864,
2023-01-09 06:00:00,315834.0,312648.0,1.022,
2023-01-09 07:00:00,315834.0,315841.0,1.022,
2023-01-09 08:00:00,316399.0,312570.0,1.153,
2023-01-09 09:00:00,316399.0,314625.0,1.153,
2023-01-09 10:00:00,316399.0,315872.0,1.153,
2023-01-09 11:00:00,316400.0,312570.0,1.153,
2023-01-09 12:00:00,316400.0,314625.0,1.153,
2023-01-09 13:00:00,316400.0,315872.0,1.153,
2023-01-09 14:00:00,314681.0,316399.0,0.136,
2023-01-09 15:00:00,314681.0,316400.0,0.136,
2023-01-09 16:00:00,315835.0,316399.0,0.136,
2023-01-09 17:00:00,315835.0,316400.0,0.136,
2023-01-09 18:00:00,314230.0,314241.0,0.295,
2023-01-09 19:00:00,314230.0,315908.0,0.295,
2023-01-09 20:00:00,315907.0,314241.0,0.295,
2023-01-09 21:00:00,315907.0,315908.0,0.295,
2023-01-09 22:00:00,314379.0,314248.0,0.338,
2023-01-09 23:00:00,314379.0,315904.0,0.338,
2023-01-10 00:00:00,315903.0,314248.0,0.338,
2023-01-10 01:00:00,315903.0,315904.0,0.338,
2023-01-10 02:00:00,313551.0,313552.0,0.341,
2023-01-10 03:00:00,313551.0,315901.0,0.341,
2023-01-10 04:00:00,315900.0,313552.0,0.341,
2023-01-10 05:00:00,315900.0,315901.0,0.341,
2023-01-10 06:00:00,313349.0,313344.0,0.336,
2023-01-10 07:00:00,313349.0,315911.0,0.336,
2023-01-10 08:00:00,315910.0,313344.0,0.336,
2023-01-10 09:00:00,315910.0,315911.0,0.336,
2023-01-10 10:00:00,312139.0,311903.0,0.295,
2023-01-10 11:00:00,312139.0,311930.0,0.295,
2023-01-10 12:00:00,311903.0,318282.0,0.6,
2023-01-10 13:00:00,311930.0,318282.0,0.6,
2023-01-10 14:00:00,318282.0,312098.0,0.337,
2023-01-10 15:00:00,318282.0,316364.0,0.337,
2023-01-10 16:00:00,318022.0,318102.0,1.495,
2023-01-10 17:00:00,313979.0,318022.0,2.016,
2023-01-10 18:00:00,318113.0,314013.0,3.645,
2023-01-10 19:00:00,314013.0,314013.0,0.0,
2023-01-10 20:00:00,314994.0,315042.0,0.922,
2023-01-10 21:00:00,312134.0,312133.0,1.771,
2023-01-10 22:00:00,315060.0,312132.0,2.068,
2023-01-10 23:00:00,313552.0,314379.0,3.082,
2023-01-11 00:00:00,313552.0,315903.0,3.082,
2023-01-11 01:00:00,315901.0,314379.0,3.082,
2023-01-11 02:00:00,315901.0,315903.0,3.082,
2023-01-11 03:00:00,314241.0,313349.0,3.383,
2023-01-11 04:00:00,314241.0,315910.0,3.383,
2023-01-11 05:00:00,315908.0,313349.0,3.383,
2023-01-11 06:00:00,315908.0,315910.0,3.383,
2023-01-11 07:00:00,318550.0,313551.0,3.753,
2023-01-11 08:00:00,318550.0,315900.0,3.753,
2023-01-11 09:00:00,318551.0,313551.0,3.753,
2023-01-11 10:00:00,318551.0,315900.0,3.753,
2023-01-11 11:00:00,313344.0,313339.0,3.375,
2023-01-11 12:00:00,313344.0,315913.0,3.375,
2023-01-11 13:00:00,315911.0,313339.0,3.375,
2023-01-11 14:00:00,315911.0,315913.0,3.375,
2023-01-11 15:00:00,316271.0,318550.0,1.341,
2023-01-11 16:00:00,316271.0,318551.0,1.341,
2023-01-11 17:00:00,316280.0,318550.0,1.341,
2023-01-11 18:00:00,316280.0,318551.0,1.341,
2023-01-11 19:00:00,313339.0,316279.0,1.329,
2023-01-11 20:00:00,313339.0,316281.0,1.329,
2023-01-11 21:00:00,315913.0,316279.0,1.329,
2023-01-11 22:00:00,315913.0,316281.0,1.329,
2023-01-11 23:00:00,313055.0,316271.0,0.496,
2023-01-12 00:00:00,313055.0,316280.0,0.496,
2023-01-12 01:00:00,316279.0,313082.0,0.486,
2023-01-12 02:00:00,316279.0,315914.0,0.486,
2023-01-12 03:00:00,316281.0,313082.0,0.486,
2023-01-12 04:00:00,316281.0,315914.0,0.486,
2023-01-12 05:00:00,313082.0,313080.0,0.231,
2023-01-12 06:00:00,313082.0,315915.0,0.231,
2023-01-12 07:00:00,315914.0,313080.0,0.231,
2023-01-12 08:00:00,315914.0,315915.0,0.231,
2023-01-12 09:00:00,313080.0,313037.0,7.58,
2023-01-12 10:00:00,315915.0,313037.0,7.58,
2023-01-12 11:00:00,313037.0,313035.0,0.257,
2023-01-12 12:00:00,314042.0,314036.0,0.181,
2023-01-12 13:00:00,314042.0,315895.0,0.181,
2023-01-12 14:00:00,315894.0,314036.0,0.181,
2023-01-12 15:00:00,315894.0,315895.0,0.181,
2023-01-12 16:00:00,314036.0,313055.0,5.195,
2023-01-12 17:00:00,315895.0,313055.0,5.195,
2023-01-12 18:00:00,313658.0,314042.0,3.862,
2023-01-12 19:00:00,313658.0,315894.0,3.862,
2023-01-12 20:00:00,313035.0,313010.0,2.027,
2023-01-12 21:00:00,313010.0,312188.0,2.308,
2023-01-12 22:00:00,312188.0,313005.0,0.478,
2023-01-12 23:00:00,312188.0,318742.0,0.478,
2023-01-13 00:00:00,314668.0,313658.0,3.695,
2023-01-13 01:00:00,313005.0,313003.0,0.152,
2023-01-13 02:00:00,313005.0,318744.0,0.152,
2023-01-13 03:00:00,318742.0,313003.0,0.152,
2023-01-13 04:00:00,318742.0,318744.0,0.152,
2023-01-13 05:00:00,314711.0,314668.0,0.181,
2023-01-13 06:00:00,314712.0,314668.0,0.181,
2023-01-13 07:00:00,313003.0,318218.0,1.047,
2023-01-13 08:00:00,318744.0,318218.0,1.047,
2023-01-13 09:00:00,313852.0,314711.0,1.008,
2023-01-13 10:00:00,313852.0,314712.0,1.008,
2023-01-13 11:00:00,318218.0,313846.0,0.035,
2023-01-13 12:00:00,318528.0,313000.0,0.202,
2023-01-13 13:00:00,312133.0,317814.0,0.887,
2023-01-13 14:00:00,317815.0,315060.0,0.883,
2023-01-13 15:00:00,317814.0,313159.0,0.861,
2023-01-13 16:00:00,314652.0,317815.0,0.859,
2023-01-13 17:00:00,313159.0,314876.0,4.522,
2023-01-13 18:00:00,314877.0,314652.0,4.511,
2023-01-13 19:00:00,314876.0,314886.0,0.263,
2023-01-13 20:00:00,314886.0,314899.0,1.412,
2023-01-13 21:00:00,314899.0,314909.0,0.47,
2023-01-13 22:00:00,318599.0,314877.0,2.155,
2023-01-13 23:00:00,314909.0,314923.0,2.119,
2023-01-14 00:00:00,318443.0,318599.0,2.122,
2023-01-14 01:00:00,314923.0,314936.0,1.036,
2023-01-14 02:00:00,318626.0,318443.0,1.042,
2023-01-14 03:00:00,314936.0,314968.0,1.964,
2023-01-14 04:00:00,318680.0,318626.0,1.971,
2023-01-14 05:00:00,314955.0,314982.0,0.551,
2023-01-14 06:00:00,314982.0,315017.0,0.38,
2023-01-14 07:00:00,318674.0,318484.0,0.675,
2023-01-14 08:00:00,315017.0,318632.0,1.363,
2023-01-14 09:00:00,315030.0,318674.0,1.744,
2023-01-14 10:00:00,318632.0,315054.0,1.318,
2023-01-14 11:00:00,315042.0,315030.0,1.25,
2023-01-14 12:00:00,315054.0,312343.0,3.579,
2023-01-14 13:00:00,312326.0,314994.0,3.004,
2023-01-14 14:00:00,315054.0,315969.0,4.115,
2023-01-14 15:00:00,315938.0,315006.0,3.155,
2023-01-14 16:00:00,315938.0,312343.0,4.099,
2023-01-14 17:00:00,315938.0,317885.0,6.996,
2023-01-14 18:00:00,317884.0,315804.0,1.552,
2023-01-14 19:00:00,315804.0,312343.0,5.162,
2023-01-14 20:00:00,315804.0,315006.0,4.28,
2023-01-14 21:00:00,315804.0,315969.0,5.875,
2023-01-14 22:00:00,317884.0,318383.0,10.194,
2023-01-14 23:00:00,318366.0,318354.0,0.164,
2023-01-15 00:00:00,318383.0,318451.0,0.835,
2023-01-15 01:00:00,313772.0,318366.0,0.925,
2023-01-15 02:00:00,318354.0,318142.0,1.932,
2023-01-15 03:00:00,318142.0,318126.0,0.63,
2023-01-15 04:00:00,313184.0,318586.0,0.233,
2023-01-15 05:00:00,318593.0,312946.0,0.416,
2023-01-15 06:00:00,316114.0,313184.0,0.232,
2023-01-15 07:00:00,312944.0,316114.0,0.151,
2023-01-15 08:00:00,312946.0,312942.0,0.606,
2023-01-15 09:00:00,316118.0,312944.0,0.445,
2023-01-15 10:00:00,312940.0,316118.0,1.15,
2023-01-15 11:00:00,312942.0,312900.0,1.346,
2023-01-15 12:00:00,312898.0,312940.0,1.025,
2023-01-15 13:00:00,312900.0,316129.0,0.831,
2023-01-15 14:00:00,312896.0,312898.0,0.525,
2023-01-15 15:00:00,316129.0,314598.0,0.531,
2023-01-15 16:00:00,312895.0,312896.0,0.755,
2023-01-15 17:00:00,314598.0,313204.0,1.656,
2023-01-15 18:00:00,312807.0,312895.0,0.749,
2023-01-15 19:00:00,312804.0,312807.0,0.582,
2023-01-15 20:00:00,313204.0,313197.0,0.429,
2023-01-15 21:00:00,312782.0,312804.0,0.554,
2023-01-15 22:00:00,313197.0,318540.0,0.634,
2023-01-15 23:00:00,312694.0,312745.0,0.617,
2023-01-16 00:00:00,312745.0,313951.0,0.95,
2023-01-16 01:00:00,313951.0,314121.0,0.502,
2023-01-16 02:00:00,312857.0,312856.0,0.508,
2023-01-16 03:00:00,314121.0,312865.0,1.131,
2023-01-16 04:00:00,312865.0,314147.0,0.496,
2023-01-16 05:00:00,312771.0,312757.0,0.139,
2023-01-16 06:00:00,312757.0,312857.0,1.477,
2023-01-16 07:00:00,312689.0,312694.0,0.747,
2023-01-16 08:00:00,312220.0,312103.0,0.301,
2023-01-16 09:00:00,312236.0,312220.0,2.057,
2023-01-16 10:00:00,314371.0,314559.0,0.271,
2023-01-16 11:00:00,314559.0,313852.0,5.255,
2023-01-16 12:00:00,313846.0,318528.0,2.512,
2023-01-16 13:00:00,312264.0,318493.0,0.994,
2023-01-16 14:00:00,314147.0,312858.0,0.543,
2023-01-16 15:00:00,312858.0,312782.0,0.789,
2023-01-16 16:00:00,318540.0,314157.0,0.675,
2023-01-16 17:00:00,314157.0,312771.0,0.565,
2023-01-16 18:00:00,312856.0,312854.0,1.609,
2023-01-16 19:00:00,312856.0,315860.0,1.609,
2023-01-16 20:00:00,312854.0,312852.0,1.599,
2023-01-16 21:00:00,312854.0,315861.0,1.599,
2023-01-16 22:00:00,312854.0,316429.0,1.599,
2023-01-16 23:00:00,315860.0,312852.0,1.599,
2023-01-17 00:00:00,315860.0,315861.0,1.599,
2023-01-17 01:00:00,315860.0,316429.0,1.599,
2023-01-17 02:00:00,313956.0,312689.0,0.756,
2023-01-17 03:00:00,315879.0,312689.0,0.756,
2023-01-17 04:00:00,312098.0,314371.0,6.036,
2023-01-17 05:00:00,316364.0,314371.0,6.036,
2023-01-17 06:00:00,312103.0,312010.0,2.757,
2023-01-17 07:00:00,314968.0,316073.0,2.986,
2023-01-17 08:00:00,314968.0,316074.0,2.986,
2023-01-17 09:00:00,316073.0,314955.0,1.218,
2023-01-17 10:00:00,316074.0,314955.0,1.218,
2023-01-17 11:00:00,318484.0,318680.0,4.066,
2023-01-17 12:00:00,318451.0,312139.0,4.676,
2023-01-17 13:00:00,312010.0,313772.0,4.274,
2023-01-17 14:00:00,312648.0,312651.0,0.182,
2023-01-17 15:00:00,312648.0,315842.0,0.182,
2023-01-17 16:00:00,315841.0,312651.0,0.182,
2023-01-17 17:00:00,315841.0,315842.0,0.182,
2023-01-17 18:00:00,312651.0,312233.0,1.44,
2023-01-17 19:00:00,312651.0,315836.0,1.44,
2023-01-17 20:00:00,315842.0,312233.0,1.44,
2023-01-17 21:00:00,315842.0,315836.0,1.44,
2023-01-17 22:00:00,314617.0,314681.0,1.185,
2023-01-17 23:00:00,314617.0,315835.0,1.185,
2023-01-18 00:00:00,315837.0,314681.0,1.185,
2023-01-18 01:00:00,315837.0,315835.0,1.185,
2023-01-18 02:00:00,312233.0,312382.0,0.628,
2023-01-18 03:00:00,312233.0,315838.0,0.628,
2023-01-18 04:00:00,315836.0,312382.0,0.628,
2023-01-18 05:00:00,315836.0,315838.0,0.628,
2023-01-18 06:00:00,314501.0,314617.0,0.714,
2023-01-18 07:00:00,314501.0,315837.0,0.714,
2023-01-18 08:00:00,315839.0,314617.0,0.714,
2023-01-18 09:00:00,315839.0,315837.0,0.714,
2023-01-18 10:00:00,312382.0,312386.0,0.549,
2023-01-18 11:00:00,312382.0,315822.0,0.549,
2023-01-18 12:00:00,315838.0,312386.0,0.549,
2023-01-18 13:00:00,315838.0,315822.0,0.549,
2023-01-18 14:00:00,317902.0,314501.0,1.278,
2023-01-18 15:00:00,317902.0,315839.0,1.278,
2023-01-18 16:00:00,317903.0,314501.0,1.278,
2023-01-18 17:00:00,317903.0,315839.0,1.278,
2023-01-18 18:00:00,312386.0,312388.0,0.651,
2023-01-18 19:00:00,312386.0,315843.0,0.651,
2023-01-18 20:00:00,315822.0,312388.0,0.651,
2023-01-18 21:00:00,315822.0,315843.0,0.651,
2023-01-18 22:00:00,312388.0,317909.0,0.445,
2023-01-18 23:00:00,312388.0,317910.0,0.445,
2023-01-19 00:00:00,315843.0,317909.0,0.445,
2023-01-19 01:00:00,315843.0,317910.0,0.445,
2023-01-19 02:00:00,312420.0,317902.0,0.448,
2023-01-19 03:00:00,312420.0,317903.0,0.448,
2023-01-19 04:00:00,315846.0,317902.0,0.448,
2023-01-19 05:00:00,315846.0,317903.0,0.448,
2023-01-19 06:00:00,317909.0,312421.0,0.589,
2023-01-19 07:00:00,317909.0,315847.0,0.589,
2023-01-19 08:00:00,317910.0,312421.0,0.589,
2023-01-19 09:00:00,317910.0,315847.0,0.589,
2023-01-19 10:00:00,317974.0,312420.0,0.588,
2023-01-19 11:00:00,317974.0,315846.0,0.588,
2023-01-19 12:00:00,317998.0,312420.0,0.588,
2023-01-19 13:00:00,317998.0,315846.0,0.588,
2023-01-19 14:00:00,312421.0,312422.0,0.888,
2023-01-19 15:00:00,312421.0,315849.0,0.888,
2023-01-19 16:00:00,315847.0,312422.0,0.888,
2023-01-19 17:00:00,315847.0,315849.0,0.888,
2023-01-19 18:00:00,312425.0,312513.0,0.753,
2023-01-19 19:00:00,312425.0,315852.0,0.753,
2023-01-19 20:00:00,315850.0,312513.0,0.753,
2023-01-19 21:00:00,315850.0,315852.0,0.753,
2023-01-19 22:00:00,312422.0,312425.0,0.379,
2023-01-19 23:00:00,312422.0,315850.0,0.379,
2023-01-20 00:00:00,315849.0,312425.0,0.379,
2023-01-20 01:00:00,315849.0,315850.0,0.379,
2023-01-20 02:00:00,318028.0,317974.0,2.099,
2023-01-20 03:00:00,318028.0,317998.0,2.099,
2023-01-20 04:00:00,318029.0,317974.0,2.099,
2023-01-20 05:00:00,318029.0,317998.0,2.099,
2023-01-20 06:00:00,312513.0,312514.0,0.895,
2023-01-20 07:00:00,312513.0,315853.0,0.895,
2023-01-20 08:00:00,315852.0,312514.0,0.895,
2023-01-20 09:00:00,315852.0,315853.0,0.895,
2023-01-20 10:00:00,312514.0,312520.0,0.319,
2023-01-20 11:00:00,312514.0,315873.0,0.319,
2023-01-20 12:00:00,315853.0,312520.0,0.319,
2023-01-20 13:00:00,315853.0,315873.0,0.319,
2023-01-20 14:00:00,312517.0,318028.0,0.96,
2023-01-20 15:00:00,312517.0,318029.0,0.96,
2023-01-20 16:00:00,315824.0,318028.0,0.96,
2023-01-20 17:00:00,315824.0,318029.0,0.96,
2023-01-20 18:00:00,312520.0,312523.0,0.813,
2023-01-20 19:00:00,312520.0,315854.0,0.813,
2023-01-20 20:00:00,315873.0,312523.0,0.813,
2023-01-20 21:00:00,315873.0,315854.0,0.813,
2023-01-20 22:00:00,318035.0,312517.0,1.13,
2023-01-20 23:00:00,318035.0,315824.0,1.13,
2023-01-21 00:00:00,318036.0,312517.0,1.13,
2023-01-21 01:00:00,318036.0,315824.0,1.13,
2023-01-21 02:00:00,312523.0,312525.0,0.587,
2023-01-21 03:00:00,312523.0,315855.0,0.587,
2023-01-21 04:00:00,315854.0,312525.0,0.587,
2023-01-21 05:00:00,315854.0,315855.0,0.587,
2023-01-21 06:00:00,312525.0,312527.0,0.346,
2023-01-21 07:00:00,312525.0,315856.0,0.346,
2023-01-21 08:00:00,315855.0,312527.0,0.346,
2023-01-21 09:00:00,315855.0,315856.0,0.346,
2023-01-21 10:00:00,313144.0,318035.0,0.45,
2023-01-21 11:00:00,313144.0,318036.0,0.45,
2023-01-21 12:00:00,315858.0,318035.0,0.45,
2023-01-21 13:00:00,315858.0,318036.0,0.45,
2023-01-21 14:00:00,312530.0,313144.0,1.233,
2023-01-21 15:00:00,312530.0,315858.0,1.233,
2023-01-21 16:00:00,315857.0,313144.0,1.233,
2023-01-21 17:00:00,315857.0,315858.0,1.233,
2023-01-21 18:00:00,317895.0,313144.0,1.233,
2023-01-21 19:00:00,317895.0,315858.0,1.233,
2023-01-21 20:00:00,317896.0,313144.0,1.233,
2023-01-21 21:00:00,317896.0,315858.0,1.233,
2023-01-21 22:00:00,312527.0,312562.0,1.873,
2023-01-21 23:00:00,312527.0,315825.0,1.873,
2023-01-22 00:00:00,315856.0,312562.0,1.873,
2023-01-22 01:00:00,315856.0,315825.0,1.873,
2023-01-22 02:00:00,312562.0,318565.0,0.348,
2023-01-22 03:00:00,312562.0,318566.0,0.348,
2023-01-22 04:00:00,315825.0,318565.0,0.348,
2023-01-22 05:00:00,315825.0,318566.0,0.348,
2023-01-22 06:00:00,312564.0,312530.0,1.343,
2023-01-22 07:00:00,312564.0,315857.0,1.343,
2023-01-22 08:00:00,312564.0,317895.0,1.343,
2023-01-22 09:00:00,312564.0,317896.0,1.343,
2023-01-22 10:00:00,315874.0,312530.0,1.343,
2023-01-22 11:00:00,315874.0,315857.0,1.343,
2023-01-22 12:00:00,315874.0,317895.0,1.343,
2023-01-22 13:00:00,315874.0,317896.0,1.343,
2023-01-22 14:00:00,312566.0,312564.0,0.941,
2023-01-22 15:00:00,312566.0,315874.0,0.941,
2023-01-22 16:00:00,315875.0,312564.0,0.941,
2023-01-22 17:00:00,315875.0,315874.0,0.941,
2023-01-22 18:00:00,318565.0,318575.0,0.942,
2023-01-22 19:00:00,318565.0,318576.0,0.942,
2023-01-22 20:00:00,318566.0,318575.0,0.942,
2023-01-22 21:00:00,318566.0,318576.0,0.942,
2023-01-22 22:00:00,318575.0,313956.0,0.847,
2023-01-22 23:00:00,318575.0,315879.0,0.847,
2023-01-23 00:00:00,318576.0,313956.0,0.847,
2023-01-23 01:00:00,318576.0,315879.0,0.847,
2023-01-23 02:00:00,312852.0,312566.0,0.73,
2023-01-23 03:00:00,312852.0,315875.0,0.73,
2023-01-23 04:00:00,315861.0,312566.0,0.73,
2023-01-23 05:00:00,315861.0,315875.0,0.73,
2023-01-23 06:00:00,316429.0,312566.0,0.73,
2023-01-23 07:00:00,316429.0,315875.0,0.73,
2023-01-23 08:00:00,314013.0,314025.0,0.252,
2023-01-23 09:00:00,314025.0,318076.0,1.965,
2023-01-23 10:00:00,318077.0,313979.0,2.371,
2023-01-23 11:00:00,318076.0,318053.0,2.881,
2023-01-23 12:00:00,318052.0,318077.0,2.875,
2023-01-23 13:00:00,318053.0,314548.0,5.355,
2023-01-23 14:00:00,314548.0,318135.0,0.586,
2023-01-23 15:00:00,314548.0,318736.0,0.586,
2023-01-23 16:00:00,318126.0,318052.0,5.382,
2023-01-23 17:00:00,318135.0,318383.0,2.183,
2023-01-23 18:00:00,318736.0,318383.0,2.183,
2023-01-23 19:00:00,73.0,5.0,,352.6
2023-01-23 20:00:00,5.0,154.0,,347.2
2023-01-23 21:00:00,154.0,263.0,,392.9
2023-01-23 22:00:00,263.0,56.0,,440.8
2023-01-23 23:00:00,56.0,96.0,,374.6
2023-01-24 00:00:00,96.0,42.0,,378.1
2023-01-24 01:00:00,42.0,58.0,,364.6
2023-01-24 02:00:00,58.0,95.0,,476.8
2023-01-24 03:00:00,95.0,72.0,,480.1
2023-01-24 04:00:00,72.0,271.0,,419.5
2023-01-24 05:00:00,271.0,68.0,,251.1
2023-01-24 06:00:00,134.0,107.0,,344.0
2023-01-24 07:00:00,107.0,130.0,,862.1
2023-01-24 08:00:00,130.0,129.0,,482.5
2023-01-24 09:00:00,227.0,167.0,,1425.7
2023-01-24 10:00:00,167.0,298.0,,415.7
2023-01-24 11:00:00,298.0,209.0,,425.5
2023-01-24 12:00:00,209.0,146.0,,519.6
2023-01-24 13:00:00,146.0,170.0,,494.7
2023-01-24 14:00:00,170.0,173.0,,400.7
2023-01-24 15:00:00,173.0,117.0,,372.4
2023-01-24 16:00:00,117.0,0.0,,573.5
2023-01-24 17:00:00,0.0,92.0,,398.0
2023-01-24 18:00:00,92.0,243.0,,667.3
2023-01-24 19:00:00,243.0,62.0,,357.3
2023-01-24 20:00:00,203.0,80.0,,1071.1
2023-01-24 21:00:00,80.0,97.0,,834.1
2023-01-24 22:00:00,97.0,28.0,,531.4
2023-01-24 23:00:00,28.0,57.0,,327.7
2023-01-25 00:00:00,57.0,55.0,,925.2
2023-01-25 01:00:00,55.0,223.0,,382.7
2023-01-25 02:00:00,223.0,143.0,,309.5
2023-01-25 03:00:00,143.0,269.0,,329.1
2023-01-25 04:00:00,269.0,290.0,,362.0
2023-01-25 05:00:00,290.0,110.0,,425.6
2023-01-25 06:00:00,110.0,121.0,,388.4
2023-01-25 07:00:00,121.0,299.0,,327.1
2023-01-25 08:00:00,299.0,293.0,,326.1
2023-01-25 09:00:00,293.0,148.0,,534.9
2023-01-25 10:00:00,148.0,150.0,,341.1
2023-01-25 11:00:00,150.0,152.0,,354.5
2023-01-25 12:00:00,98.0,70.0,,315.1
2023-01-25 13:00:00,70.0,255.0,,1308.8
2023-01-25 14:00:00,128.0,131.0,,672.4
2023-01-25 15:00:00,131.0,132.0,,803.8
2023-01-25 16:00:00,132.0,133.0,,363.2
2023-01-25 17:00:00,242.0,18.0,,789.9
2023-01-25 18:00:00,18.0,43.0,,422.6
2023-01-25 19:00:00,43.0,118.0,,449.7
2023-01-25 20:00:00,118.0,207.0,,448.7
2023-01-25 21:00:00,207.0,169.0,,459.6
2023-01-25 22:00:00,169.0,127.0,,422.2
2023-01-25 23:00:00,127.0,208.0,,450.6
2023-01-26 00:00:00,208.0,297.0,,426.0
2023-01-26 01:00:00,297.0,168.0,,430.0
2023-01-26 02:00:00,168.0,166.0,,395.1
2023-01-26 03:00:00,166.0,226.0,,1027.2
2023-01-26 04:00:00,13.0,26.0,,341.5
2023-01-26 05:00:00,26.0,94.0,,408.2
2023-01-26 06:00:00,94.0,219.0,,612.7
2023-01-26 07:00:00,219.0,217.0,,359.6
2023-01-26 08:00:00,217.0,31.0,,411.9
2023-01-26 09:00:00,31.0,215.0,,478.7
2023-01-26 10:00:00,215.0,111.0,,2685.8
2023-01-26 11:00:00,111.0,116.0,,1194.2
2023-01-26 12:00:00,116.0,36.0,,409.1
2023-01-26 13:00:00,36.0,78.0,,414.7
2023-01-26 14:00:00,301.0,20.0,,446.0
2023-01-26 15:00:00,273.0,138.0,,326.7
2023-01-26 16:00:00,138.0,284.0,,489.7
2023-01-26 17:00:00,284.0,114.0,,464.9
2023-01-26 18:00:00,114.0,245.0,,397.5
2023-01-26 19:00:00,245.0,48.0,,376.8
2023-01-26 20:00:00,48.0,206.0,,402.5
2023-01-26 21:00:00,206.0,144.0,,356.9
2023-01-26 22:00:00,144.0,172.0,,358.4
2023-01-26 23:00:00,237.0,24.0,,452.4
2023-01-27 00:00:00,304.0,35.0,,378.0
2023-01-27 01:00:00,35.0,115.0,,503.6
2023-01-27 02:00:00,115.0,86.0,,1228.5
2023-01-27 03:00:00,86.0,214.0,,2712.1
2023-01-27 04:00:00,214.0,27.0,,471.1
2023-01-27 05:00:00,27.0,216.0,,419.6
2023-01-27 06:00:00,216.0,218.0,,359.8
2023-01-27 07:00:00,218.0,76.0,,356.6
2023-01-27 08:00:00,76.0,238.0,,424.6
2023-01-27 09:00:00,238.0,50.0,,527.9
2023-01-27 10:00:00,91.0,52.0,,424.1
2023-01-27 11:00:00,52.0,75.0,,350.2
2023-01-27 12:00:00,75.0,171.0,,397.2
2023-01-27 13:00:00,44.0,7.0,,380.6
2023-01-27 14:00:00,256.0,1.0,,1149.5
2023-01-27 15:00:00,1.0,46.0,,448.5
2023-01-27 16:00:00,212.0,270.0,,328.7
2023-01-27 17:00:00,270.0,32.0,,352.3
2023-01-27 18:00:00,32.0,10.0,,406.7
2023-01-27 19:00:00,3.0,247.0,,424.5
2023-01-27 20:00:00,247.0,249.0,,609.8
2023-01-27 21:00:00,249.0,225.0,,515.0
2023-01-27 22:00:00,261.0,260.0,,294.1
2023-01-27 23:00:00,260.0,259.0,,340.6
2023-01-28 00:00:00,259.0,103.0,,360.7
2023-01-28 01:00:00,103.0,302.0,,346.7
2023-01-28 02:00:00,302.0,104.0,,1093.8
2023-01-28 03:00:00,104.0,71.0,,363.7
2023-01-28 04:00:00,71.0,88.0,,360.2
2023-01-28 05:00:00,88.0,268.0,,372.8
2023-01-28 06:00:00,268.0,240.0,,420.3
2023-01-28 07:00:00,240.0,9.0,,451.3
2023-01-28 08:00:00,9.0,239.0,,358.1
2023-01-28 09:00:00,239.0,23.0,,441.0
2023-01-28 10:00:00,23.0,22.0,,319.8
2023-01-28 11:00:00,22.0,49.0,,447.5
2023-01-28 12:00:00,276.0,258.0,,427.0
2023-01-28 13:00:00,155.0,157.0,,353.4
2023-01-28 14:00:00,157.0,158.0,,331.7
2023-01-28 15:00:00,158.0,286.0,,383.8
2023-01-28 16:00:00,286.0,102.0,,330.1
2023-01-28 17:00:00,102.0,285.0,,367.8
2023-01-28 18:00:00,285.0,15.0,,348.8
2023-01-28 19:00:00,15.0,8.0,,352.1
2023-01-28 20:00:00,8.0,300.0,,397.9
2023-01-28 21:00:00,300.0,34.0,,394.2
2023-01-28 22:00:00,34.0,161.0,,359.8
2023-01-28 23:00:00,161.0,125.0,,426.1
2023-01-29 00:00:00,125.0,235.0,,413.7
2023-01-29 01:00:00,235.0,163.0,,409.7
2023-01-29 02:00:00,163.0,236.0,,368.2
2023-01-29 03:00:00,236.0,250.0,,460.1
2023-01-29 04:00:00,250.0,122.0,,391.6
2023-01-29 05:00:00,122.0,252.0,,393.6
2023-01-29 06:00:00,252.0,69.0,,380.0
2023-01-29 07:00:00,69.0,39.0,,338.1
2023-01-29 08:00:00,39.0,234.0,,361.3
2023-01-29 09:00:00,234.0,82.0,,356.8
2023-01-29 10:00:00,82.0,274.0,,748.3
2023-01-29 11:00:00,274.0,175.0,,357.0
2023-01-29 12:00:00,175.0,177.0,,360.6
2023-01-29 13:00:00,177.0,213.0,,316.1
2023-01-29 14:00:00,213.0,179.0,,310.7
2023-01-29 15:00:00,179.0,33.0,,328.3
2023-01-29 16:00:00,33.0,181.0,,333.0
2023-01-29 17:00:00,181.0,183.0,,563.8
2023-01-29 18:00:00,183.0,184.0,,331.4
2023-01-29 19:00:00,184.0,185.0,,375.4
2023-01-29 20:00:00,185.0,254.0,,332.5
2023-01-29 21:00:00,254.0,188.0,,333.5
2023-01-29 22:00:00,188.0,141.0,,381.6
2023-01-29 23:00:00,141.0,278.0,,302.4
2023-01-30 00:00:00,278.0,289.0,,393.7
2023-01-30 01:00:00,289.0,190.0,,329.5
2023-01-30 02:00:00,190.0,192.0,,320.7
2023-01-30 03:00:00,192.0,194.0,,358.9
2023-01-30 04:00:00,194.0,196.0,,300.5
2023-01-30 05:00:00,196.0,198.0,,264.8
2023-01-30 06:00:00,198.0,180.0,,293.3
2023-01-30 07:00:00,266.0,135.0,,325.4
2023-01-30 08:00:00,135.0,54.0,,379.8
2023-01-30 09:00:00,54.0,231.0,,392.3
2023-01-30 10:00:00,231.0,66.0,,828.6
2023-01-30 11:00:00,66.0,59.0,,423.2
2023-01-30 12:00:00,59.0,232.0,,802.7
2023-01-30 13:00:00,112.0,14.0,,357.6
2023-01-30 14:00:00,14.0,89.0,,334.2
2023-01-30 15:00:00,145.0,228.0,,454.6
2023-01-30 16:00:00,228.0,205.0,,354.0
2023-01-30 17:00:00,205.0,244.0,,386.4
2023-01-30 18:00:00,244.0,100.0,,437.8
2023-01-30 19:00:00,100.0,303.0,,449.2
2023-01-30 20:00:00,303.0,136.0,,431.2
2023-01-30 21:00:00,136.0,305.0,,413.2
2023-01-30 22:00:00,305.0,139.0,,355.4
2023-01-30 23:00:00,153.0,151.0,,330.7
2023-01-31 00:00:00,151.0,149.0,,377.7
2023-01-31 01:00:00,149.0,295.0,,408.2
2023-01-31 02:00:00,295.0,291.0,,334.3
2023-01-31 03:00:00,291.0,294.0,,341.2
2023-01-31 04:00:00,294.0,77.0,,362.2
2023-01-31 05:00:00,77.0,109.0,,383.8
2023-01-31 06:00:00,109.0,292.0,,353.4
2023-01-31 07:00:00,292.0,147.0,,371.0
2023-01-31 08:00:00,147.0,29.0,,486.6
2023-01-31 09:00:00,29.0,222.0,,292.7
2023-01-31 10:00:00,222.0,79.0,,1270.1
2023-01-31 11:00:00,79.0,90.0,,981.4
2023-01-31 12:00:00,90.0,2.0,,572.5
2023-01-31 13:00:00,2.0,81.0,,318.6
2023-01-31 14:00:00,81.0,204.0,,1023.1
2023-01-31 15:00:00,224.0,229.0,,520.6
2023-01-31 16:00:00,229.0,4.0,,315.9
2023-01-31 17:00:00,4.0,246.0,,312.3
2023-01-31 18:00:00,246.0,11.0,,418.5
2023-01-31 19:00:00,93.0,87.0,,412.1
2023-01-31 20:00:00,87.0,74.0,,361.3
2023-01-31 21:00:00,74.0,165.0,,305.1
2023-01-31 22:00:00,165.0,241.0,,347.4
2023-01-31 23:00:00,241.0,108.0,,404.0
2023-02-01 00:00:00,108.0,137.0,,345.7
2023-02-01 01:00:00,137.0,123.0,,352.7
2023-02-01 02:00:00,123.0,37.0,,341.4
2023-02-01 03:00:00,37.0,84.0,,373.4
2023-02-01 04:00:00,84.0,101.0,,345.3
2023-02-01 05:00:00,101.0,221.0,,394.3
2023-02-01 06:00:00,221.0,220.0,,574.3
2023-02-01 07:00:00,220.0,201.0,,389.5
2023-02-01 08:00:00,201.0,211.0,,274.9
2023-02-01 09:00:00,211.0,210.0,,356.1
2023-02-01 10:00:00,210.0,262.0,,373.4
2023-02-01 11:00:00,262.0,306.0,,345.1
2023-02-01 12:00:00,6.0,83.0,,483.2
2023-02-01 13:00:00,200.0,199.0,,317.7
2023-02-01 14:00:00,199.0,197.0,,309.3
2023-02-01 15:00:00,197.0,195.0,,313.3
2023-02-01 16:00:00,195.0,193.0,,271.7
2023-02-01 17:00:00,193.0,191.0,,322.3
2023-02-01 18:00:00,191.0,189.0,,312.4
2023-02-01 19:00:00,189.0,280.0,,420.9
2023-02-01 20:00:00,280.0,279.0,,384.8
2023-02-01 21:00:00,279.0,140.0,,323.4
2023-02-01 22:00:00,140.0,187.0,,341.2
2023-02-01 23:00:00,187.0,186.0,,410.0
2023-02-02 00:00:00,186.0,296.0,,354.2
2023-02-02 01:00:00,296.0,126.0,,367.6
2023-02-02 02:00:00,126.0,182.0,,490.7
2023-02-02 03:00:00,182.0,248.0,,314.6
2023-02-02 04:00:00,248.0,25.0,,352.9
2023-02-02 05:00:00,25.0,178.0,,307.1
2023-02-02 06:00:00,178.0,142.0,,418.2
2023-02-02 07:00:00,142.0,176.0,,341.3
2023-02-02 08:00:00,176.0,174.0,,344.9
2023-02-02 09:00:00,174.0,113.0,,755.8
2023-02-02 10:00:00,113.0,124.0,,234.9
2023-02-02 11:00:00,124.0,253.0,,385.9
2023-02-02 12:00:00,253.0,30.0,,310.6
2023-02-02 13:00:00,30.0,67.0,,358.9
2023-02-02 14:00:00,67.0,164.0,,413.3
2023-02-02 15:00:00,164.0,119.0,,387.3
2023-02-02 16:00:00,119.0,120.0,,407.6
2023-02-02 17:00:00,120.0,61.0,,395.7
2023-02-02 18:00:00,61.0,19.0,,496.4
2023-02-02 19:00:00,19.0,162.0,,412.1
2023-02-02 20:00:00,162.0,51.0,,472.2
2023-02-02 21:00:00,51.0,160.0,,440.1
2023-02-02 22:00:00,160.0,159.0,,434.5
2023-02-02 23:00:00,159.0,64.0,,378.4
2023-02-03 00:00:00,64.0,287.0,,353.1
2023-02-03 01:00:00,287.0,267.0,,375.5
2023-02-03 02:00:00,267.0,288.0,,369.7
2023-02-03 03:00:00,288.0,283.0,,376.8
2023-02-03 04:00:00,283.0,281.0,,392.2
2023-02-03 05:00:00,281.0,282.0,,360.2
2023-02-03 06:00:00,282.0,156.0,,384.4
2023-02-03 07:00:00,60.0,38.0,,394.1
2023-02-03 08:00:00,38.0,65.0,,415.0
2023-02-03 09:00:00,65.0,230.0,,435.8
2023-02-03 10:00:00,230.0,47.0,,353.0
2023-02-03 11:00:00,47.0,265.0,,341.8
2023-02-03 12:00:00,265.0,264.0,,334.1
2023-02-03 13:00:00,99.0,53.0,,248.3
2023-02-03 14:00:00,53.0,45.0,,389.9
2023-02-03 15:00:00,45.0,12.0,,404.3
2023-02-03 16:00:00,12.0,41.0,,378.3
2023-02-03 17:00:00,41.0,272.0,,365.0
2023-02-03 18:00:00,272.0,106.0,,366.7
2023-02-03 19:00:00,106.0,17.0,,360.6
2023-02-03 20:00:00,17.0,63.0,,424.4
2023-02-03 21:00:00,63.0,202.0,,389.6
2023-02-03 22:00:00,202.0,16.0,,328.2
2023-02-03 23:00:00,16.0,40.0,,328.8
2023-02-04 00:00:00,40.0,105.0,,355.1
2023-02-04 01:00:00,21.0,233.0,,332.0
2023-02-04 02:00:00,233.0,277.0,,399.4
2023-02-04 03:00:00,257.0,275.0,,363.3
2023-02-04 04:00:00,235.0,264.0,,168.6
2023-02-04 05:00:00,264.0,163.0,,293.4
2023-02-04 06:00:00,19.0,266.0,,87.7
2023-02-04 07:00:00,266.0,162.0,,327.4
2023-02-04 08:00:00,122.0,70.0,,313.4
2023-02-04 09:00:00,70.0,252.0,,129.3
2023-02-04 10:00:00,164.0,70.0,,93.4
2023-02-04 11:00:00,70.0,119.0,,385.3
2023-02-04 12:00:00,122.0,1.0,,265.2
2023-02-04 13:00:00,1.0,252.0,,275.9
2023-02-04 14:00:00,252.0,46.0,,271.5
2023-02-04 15:00:00,164.0,1.0,,221.0
2023-02-04 16:00:00,1.0,119.0,,319.9
2023-02-04 17:00:00,119.0,46.0,,444.4
2023-02-04 18:00:00,179.0,128.0,,441.7
2023-02-04 19:00:00,128.0,33.0,,195.8
2023-02-04 20:00:00,246.0,65.0,,372.6
2023-02-04 21:00:00,65.0,11.0,,324.6
2023-02-04 22:00:00,11.0,230.0,,311.0
2023-02-04 23:00:00,3.0,230.0,,311.9
2023-02-05 00:00:00,65.0,247.0,,373.6
2023-02-05 01:00:00,246.0,59.0,,346.1
2023-02-05 02:00:00,231.0,11.0,,312.5
2023-02-05 03:00:00,3.0,231.0,,313.4
2023-02-05 04:00:00,231.0,247.0,,203.2
2023-02-05 05:00:00,247.0,59.0,,347.1
2023-02-05 06:00:00,47.0,35.0,,332.5
2023-02-05 07:00:00,35.0,265.0,,519.6
2023-02-05 08:00:00,265.0,115.0,,77.0
2023-02-05 09:00:00,135.0,115.0,,153.2
2023-02-05 10:00:00,35.0,54.0,,352.5
2023-02-05 11:00:00,47.0,36.0,,252.5
2023-02-05 12:00:00,116.0,265.0,,78.2
2023-02-05 13:00:00,135.0,116.0,,154.4
2023-02-05 14:00:00,116.0,54.0,,242.2
2023-02-05 15:00:00,54.0,36.0,,267.1
2023-02-05 16:00:00,240.0,10.0,,271.4
2023-02-05 17:00:00,10.0,9.0,,570.6
2023-02-05 18:00:00,240.0,91.0,,82.3
2023-02-05 19:00:00,108.0,91.0,,351.7
2023-02-05 20:00:00,91.0,137.0,,98.3
2023-02-05 21:00:00,208.0,104.0,,393.0
2023-02-05 22:00:00,104.0,127.0,,76.8
2023-02-05 23:00:00,209.0,104.0,,393.1
2023-02-06 00:00:00,104.0,146.0,,135.9
2023-02-06 01:00:00,207.0,251.0,,129.0
2023-02-06 02:00:00,251.0,118.0,,336.7
2023-02-06 03:00:00,118.0,85.0,,195.8
2023-02-06 04:00:00,85.0,207.0,,376.2
2023-02-06 05:00:00,57.0,242.0,,313.2
2023-02-06 06:00:00,242.0,28.0,,23.1
2023-02-06 07:00:00,57.0,243.0,,312.9
2023-02-06 08:00:00,243.0,28.0,,22.2
2023-02-06 09:00:00,109.0,276.0,,278.1
2023-02-06 10:00:00,276.0,292.0,,109.6
2023-02-06 11:00:00,143.0,133.0,,329.8
2023-02-06 12:00:00,133.0,269.0,,75.3
2023-02-06 13:00:00,97.0,68.0,,225.3
2023-02-06 14:00:00,68.0,57.0,,203.6
2023-02-06 15:00:00,79.0,99.0,,78.0
2023-02-06 16:00:00,27.0,98.0,,7.7
2023-02-06 17:00:00,27.0,46.0,,163.8
2023-02-06 18:00:00,46.0,216.0,,353.6
2023-02-06 19:00:00,217.0,98.0,,411.7
2023-02-06 20:00:00,98.0,31.0,,3.2
2023-02-06 21:00:00,217.0,46.0,,354.0
2023-02-06 22:00:00,46.0,31.0,,163.6
2023-02-06 23:00:00,721.0,445.0,,0.79
2023-02-07 00:00:00,542.0,480.0,,2.575
2023-02-07 01:00:00,770.0,702.0,,0.926
2023-02-07 02:00:00,32.0,266.0,,0.596
2023-02-07 03:00:00,34.0,56.0,,0.628
2023-02-07 04:00:00,251.0,297.0,,0.725
2023-02-07 05:00:00,233.0,41.0,,1.6130000000000002
2023-02-07 06:00:00,680.0,129.0,,0.596
2023-02-07 07:00:00,449.0,555.0,,3.909
2023-02-07 08:00:00,871.0,763.0,,1.134
2023-02-07 09:00:00,175.0,205.0,,1.295
2023-02-07 10:00:00,739.0,241.0,,0.802
2023-02-07 11:00:00,126.0,720.0,,1.348
2023-02-07 12:00:00,626.0,709.0,,0.589
2023-02-07 13:00:00,97.0,397.0,,3.4210000000000003
2023-02-07 14:00:00,222.0,734.0,,0.309
2023-02-07 15:00:00,101.0,273.0,,1.445
2023-02-07 16:00:00,408.0,295.0,,0.897
2023-02-07 17:00:00,509.0,697.0,,0.721
2023-02-07 18:00:00,391.0,576.0,,4.126
2023-02-07 19:00:00,506.0,822.0,,1.644
2023-02-07 20:00:00,785.0,69.0,,0.512
2023-02-07 21:00:00,603.0,245.0,,0.852
2023-02-07 22:00:00,245.0,596.0,,3.851
2023-02-07 23:00:00,35.0,841.0,,0.8440000000000001
2023-02-08 00:00:00,249.0,120.0,,0.56
2023-02-08 01:00:00,134.0,263.0,,1.715
2023-02-08 02:00:00,448.0,638.0,,1.022
2023-02-08 03:00:00,123.0,635.0,,0.725
2023-02-08 04:00:00,635.0,155.0,,0.966
2023-02-08 05:00:00,656.0,748.0,,0.593
2023-02-08 06:00:00,220.0,136.0,,1.796
2023-02-08 07:00:00,414.0,656.0,,5.859
2023-02-08 08:00:00,579.0,651.0,,3.726
2023-02-08 09:00:00,20.0,395.0,,0.402
2023-02-08 10:00:00,511.0,20.0,,0.772
2023-02-08 11:00:00,880.0,108.0,,0.58
2023-02-08 12:00:00,574.0,743.0,,0.76
2023-02-08 13:00:00,573.0,152.0,,1.031
2023-02-08 14:00:00,793.0,72.0,,2.219
2023-02-08 15:00:00,446.0,793.0,,0.8
2023-02-08 16:00:00,562.0,446.0,,1.631
2023-02-08 17:00:00,317.0,679.0,,0.477
2023-02-08 18:00:00,600.0,317.0,,0.64
2023-02-08 19:00:00,585.0,36.0,,14.353
2023-02-08 20:00:00,838.0,585.0,,4.0760000000000005
2023-02-08 21:00:00,838.0,14.0,,0.831
2023-02-08 22:00:00,812.0,19.0,,0.598
2023-02-08 23:00:00,863.0,591.0,,2.504
2023-02-09 00:00:00,863.0,792.0,,1.88
2023-02-09 01:00:00,601.0,787.0,,1.968
2023-02-09 02:00:00,223.0,499.0,,8.095
2023-02-09 03:00:00,411.0,18.0,,0.5489999999999999
2023-02-09 04:00:00,727.0,773.0,,0.774
2023-02-09 05:00:00,178.0,407.0,,1.786
2023-02-09 06:00:00,247.0,114.0,,2.929
2023-02-09 07:00:00,247.0,605.0,,2.435
2023-02-09 08:00:00,705.0,619.0,,0.319
2023-02-09 09:00:00,146.0,198.0,,0.5
2023-02-09 10:00:00,552.0,602.0,,0.965
2023-02-09 11:00:00,210.0,862.0,,1.023
2023-02-09 12:00:00,702.0,643.0,,0.934
2023-02-09 13:00:00,801.0,239.0,,0.634
2023-02-09 14:00:00,686.0,721.0,,0.5529999999999999
2023-02-09 15:00:00,239.0,805.0,,1.487
2023-02-09 16:00:00,654.0,554.0,,0.7929999999999999
2023-02-09 17:00:00,186.0,235.0,,0.66
2023-02-09 18:00:00,643.0,186.0,,0.226
2023-02-09 19:00:00,765.0,770.0,,0.593
2023-02-09 20:00:00,266.0,34.0,,0.742
2023-02-09 21:00:00,471.0,312.0,,0.69
2023-02-09 22:00:00,56.0,425.0,,0.933
2023-02-09 23:00:00,577.0,269.0,,0.385
2023-02-10 00:00:00,604.0,251.0,,1.032
2023-02-10 01:00:00,128.0,389.0,,0.802
2023-02-10 02:00:00,297.0,755.0,,0.631
2023-02-10 03:00:00,844.0,393.0,,0.522
2023-02-10 04:00:00,41.0,566.0,,0.733
2023-02-10 05:00:00,341.0,844.0,,1.594
2023-02-10 06:00:00,731.0,341.0,,0.6859999999999999
2023-02-10 07:00:00,747.0,570.0,,0.606
2023-02-10 08:00:00,607.0,139.0,,2.178
2023-02-10 09:00:00,387.0,607.0,,0.79
2023-02-10 10:00:00,569.0,387.0,,1.064
2023-02-10 11:00:00,3.0,367.0,,2.072
2023-02-10 12:00:00,29.0,569.0,,0.191
2023-02-10 13:00:00,800.0,29.0,,1.187
2023-02-10 14:00:00,315.0,800.0,,1.4169999999999998
2023-02-10 15:00:00,637.0,315.0,,0.626
2023-02-10 16:00:00,137.0,780.0,,0.599
2023-02-10 17:00:00,429.0,819.0,,0.952
2023-02-10 18:00:00,58.0,564.0,,0.75
2023-02-10 19:00:00,325.0,610.0,,1.046
2023-02-10 20:00:00,795.0,495.0,,1.31
2023-02-10 21:00:00,807.0,853.0,,0.238
2023-02-10 22:00:00,118.0,472.0,,0.805
2023-02-10 23:00:00,853.0,177.0,,0.772
2023-02-11 00:00:00,177.0,99.0,,0.08
2023-02-11 01:00:00,99.0,287.0,,1.31
2023-02-11 02:00:00,287.0,672.0,,1.125
2023-02-11 03:00:00,300.0,704.0,,0.3379999999999999
2023-02-11 04:00:00,704.0,536.0,,1.24
2023-02-11 05:00:00,672.0,306.0,,1.16
2023-02-11 06:00:00,153.0,300.0,,1.294
2023-02-11 07:00:00,306.0,144.0,,1.154
2023-02-11 08:00:00,51.0,153.0,,1.172
2023-02-11 09:00:00,144.0,847.0,,1.609
2023-02-11 10:00:00,440.0,51.0,,1.3730000000000002
2023-02-11 11:00:00,847.0,424.0,,2.103
2023-02-11 12:00:00,322.0,440.0,,1.521
2023-02-11 13:00:00,424.0,282.0,,0.845
2023-02-11 14:00:00,729.0,322.0,,0.557
2023-02-11 15:00:00,250.0,729.0,,1.077
2023-02-11 16:00:00,282.0,660.0,,0.8140000000000001
2023-02-11 17:00:00,191.0,250.0,,1.016
2023-02-11 18:00:00,874.0,83.0,,1.238
2023-02-11 19:00:00,636.0,191.0,,0.296
2023-02-11 20:00:00,83.0,355.0,,1.74
2023-02-11 21:00:00,93.0,636.0,,1.238
2023-02-11 22:00:00,351.0,93.0,,1.483
2023-02-11 23:00:00,351.0,112.0,,0.895
2023-02-12 00:00:00,346.0,680.0,,0.268
2023-02-12 01:00:00,717.0,346.0,,0.594
2023-02-12 02:00:00,514.0,15.0,,0.405
2023-02-12 03:00:00,653.0,66.0,,3.656
2023-02-12 04:00:00,15.0,204.0,,0.8009999999999999
2023-02-12 05:00:00,204.0,288.0,,1.159
2023-02-12 06:00:00,830.0,227.0,,0.207
2023-02-12 07:00:00,706.0,126.0,,0.272
2023-02-12 08:00:00,572.0,830.0,,0.272
2023-02-12 09:00:00,720.0,783.0,,1.108
2023-02-12 10:00:00,451.0,764.0,,0.529
2023-02-12 11:00:00,783.0,23.0,,0.35
2023-02-12 12:00:00,244.0,675.0,,0.56
2023-02-12 13:00:00,709.0,224.0,,0.779
2023-02-12 14:00:00,383.0,244.0,,0.589
2023-02-12 15:00:00,95.0,383.0,,0.414
2023-02-12 16:00:00,867.0,95.0,,0.72
2023-02-12 17:00:00,105.0,517.0,,0.273
2023-02-12 18:00:00,406.0,354.0,,0.401
2023-02-12 19:00:00,71.0,437.0,,0.996
2023-02-12 20:00:00,768.0,132.0,,1.874
2023-02-12 21:00:00,646.0,216.0,,1.031
2023-02-12 22:00:00,781.0,222.0,,3.315
2023-02-12 23:00:00,37.0,781.0,,0.145
2023-02-13 00:00:00,216.0,170.0,,1.341
2023-02-13 01:00:00,627.0,447.0,,0.135
2023-02-13 02:00:00,170.0,640.0,,0.7829999999999999
2023-02-13 03:00:00,586.0,627.0,,1.359
2023-02-13 04:00:00,640.0,620.0,,0.8190000000000001
2023-02-13 05:00:00,237.0,586.0,,0.8009999999999999
2023-02-13 06:00:00,620.0,501.0,,1.638
2023-02-13 07:00:00,668.0,237.0,,0.8170000000000001
2023-02-13 08:00:00,501.0,4.0,,0.256
2023-02-13 09:00:00,845.0,668.0,,1.621
2023-02-13 10:00:00,253.0,845.0,,3.924
2023-02-13 11:00:00,683.0,852.0,,2.716
2023-02-13 12:00:00,513.0,710.0,,0.192
2023-02-13 13:00:00,818.0,513.0,,0.7709999999999999
2023-02-13 14:00:00,550.0,44.0,,0.736
2023-02-13 15:00:00,648.0,375.0,,0.2239999999999999
2023-02-13 16:00:00,375.0,408.0,,0.64
2023-02-13 17:00:00,697.0,101.0,,0.882
2023-02-13 18:00:00,295.0,676.0,,0.866
2023-02-13 19:00:00,821.0,228.0,,0.6890000000000001
2023-02-13 20:00:00,174.0,156.0,,0.802
2023-02-13 21:00:00,166.0,821.0,,0.144
2023-02-13 22:00:00,181.0,166.0,,0.64
2023-02-13 23:00:00,124.0,181.0,,0.241
2023-02-14 00:00:00,791.0,372.0,,0.747
2023-02-14 01:00:00,261.0,124.0,,0.513
2023-02-14 02:00:00,372.0,173.0,,0.305
2023-02-14 03:00:00,623.0,261.0,,1.064
2023-02-14 04:00:00,412.0,623.0,,2.087
2023-02-14 05:00:00,454.0,412.0,,2.614
2023-02-14 06:00:00,299.0,657.0,,2.855
2023-02-14 07:00:00,138.0,454.0,,2.474
2023-02-14 08:00:00,657.0,581.0,,0.593
2023-02-14 09:00:00,581.0,391.0,,0.884
2023-02-14 10:00:00,822.0,138.0,,4.345
2023-02-14 11:00:00,339.0,506.0,,0.578
2023-02-14 12:00:00,280.0,320.0,,0.7709999999999999
2023-02-14 13:00:00,589.0,394.0,,0.785
2023-02-14 14:00:00,394.0,232.0,,0.6559999999999999
2023-02-14 15:00:00,61.0,782.0,,0.8340000000000001
2023-02-14 16:00:00,232.0,785.0,,0.995
2023-02-14 17:00:00,305.0,61.0,,0.7559999999999999
2023-02-14 18:00:00,381.0,149.0,,0.344
2023-02-14 19:00:00,762.0,722.0,,0.889
2023-02-14 20:00:00,726.0,762.0,,0.29
2023-02-14 21:00:00,149.0,701.0,,0.598
2023-02-14 22:00:00,687.0,726.0,,0.6509999999999999
2023-02-14 23:00:00,545.0,606.0,,0.273
2023-02-15 00:00:00,421.0,217.0,,0.8190000000000001
2023-02-15 01:00:00,606.0,368.0,,0.929
2023-02-15 02:00:00,368.0,362.0,,0.7659999999999999
2023-02-15 03:00:00,837.0,421.0,,1.186
2023-02-15 04:00:00,294.0,779.0,,0.239
2023-02-15 05:00:00,195.0,140.0,,0.624
2023-02-15 06:00:00,458.0,195.0,,0.24
2023-02-15 07:00:00,779.0,708.0,,0.8340000000000001
2023-02-15 08:00:00,708.0,659.0,,0.208
2023-02-15 09:00:00,27.0,458.0,,0.898
2023-02-15 10:00:00,659.0,868.0,,0.544
2023-02-15 11:00:00,213.0,603.0,,0.941
2023-02-15 12:00:00,283.0,150.0,,0.652
2023-02-15 13:00:00,841.0,283.0,,0.908
2023-02-15 14:00:00,523.0,35.0,,1.235
2023-02-15 15:00:00,468.0,688.0,,0.336
2023-02-15 16:00:00,519.0,28.0,,2.052
2023-02-15 17:00:00,688.0,751.0,,0.7070000000000001
2023-02-15 18:00:00,483.0,102.0,,1.945
2023-02-15 19:00:00,738.0,270.0,,0.319
2023-02-15 20:00:00,270.0,134.0,,0.337
2023-02-15 21:00:00,120.0,483.0,,0.368
2023-02-15 22:00:00,561.0,249.0,,1.537
2023-02-15 23:00:00,263.0,848.0,,0.305
2023-02-16 00:00:00,597.0,561.0,,0.336
2023-02-16 01:00:00,848.0,460.0,,1.237
2023-02-16 02:00:00,460.0,55.0,,0.239
2023-02-16 03:00:00,777.0,452.0,,0.208
2023-02-16 04:00:00,55.0,206.0,,1.492
2023-02-16 05:00:00,113.0,777.0,,1.347
2023-02-16 06:00:00,206.0,516.0,,0.368
2023-02-16 07:00:00,516.0,448.0,,0.978
2023-02-16 08:00:00,57.0,130.0,,0.7829999999999999
2023-02-16 09:00:00,155.0,614.0,,0.625
2023-02-16 10:00:00,614.0,598.0,,0.417
2023-02-16 11:00:00,363.0,655.0,,1.746
2023-02-16 12:00:00,117.0,103.0,,1.235
2023-02-16 13:00:00,655.0,345.0,,4.065
2023-02-16 14:00:00,255.0,117.0,,2.484
2023-02-16 15:00:00,172.0,255.0,,0.562
2023-02-16 16:00:00,345.0,220.0,,0.593
2023-02-16 17:00:00,748.0,369.0,,1.88
2023-02-16 18:00:00,136.0,286.0,,1.444
2023-02-16 19:00:00,714.0,349.0,,0.8390000000000001
2023-02-16 20:00:00,302.0,511.0,,0.37
2023-02-16 21:00:00,349.0,184.0,,0.55
2023-02-16 22:00:00,628.0,302.0,,0.789
2023-02-16 23:00:00,184.0,880.0,,0.905
2023-02-17 00:00:00,743.0,628.0,,0.726
2023-02-17 01:00:00,226.0,431.0,,0.431
2023-02-17 02:00:00,526.0,574.0,,0.955
2023-02-17 03:00:00,431.0,491.0,,0.493
2023-02-17 04:00:00,491.0,274.0,,0.618
2023-02-17 05:00:00,122.0,526.0,,0.496
2023-02-17 06:00:00,823.0,122.0,,0.62
2023-02-17 07:00:00,274.0,333.0,,0.665
2023-02-17 08:00:00,333.0,94.0,,0.316
2023-02-17 09:00:00,176.0,823.0,,0.667
2023-02-17 10:00:00,466.0,176.0,,0.318
2023-02-17 11:00:00,94.0,207.0,,0.43
2023-02-17 12:00:00,685.0,466.0,,0.413
2023-02-17 13:00:00,207.0,858.0,,0.207
2023-02-17 14:00:00,356.0,328.0,,0.7959999999999999
2023-02-17 15:00:00,441.0,470.0,,0.787
2023-02-17 16:00:00,453.0,356.0,,0.456
2023-02-17 17:00:00,520.0,856.0,,0.7879999999999999
2023-02-17 18:00:00,859.0,324.0,,0.6629999999999999
2023-02-17 19:00:00,236.0,276.0,,0.66
2023-02-17 20:00:00,84.0,385.0,,0.3429999999999999
2023-02-17 21:00:00,723.0,84.0,,0.7879999999999999
2023-02-17 22:00:00,386.0,723.0,,1.03
2023-02-17 23:00:00,152.0,505.0,,0.578
2023-02-18 00:00:00,430.0,866.0,,1.475
2023-02-18 01:00:00,73.0,488.0,,1.235
2023-02-18 02:00:00,285.0,318.0,,0.481
2023-02-18 03:00:00,30.0,54.0,,0.672
2023-02-18 04:00:00,465.0,662.0,,0.48
2023-02-18 05:00:00,2.0,0.0,,0.8170000000000001
2023-02-18 06:00:00,116.0,427.0,,0.623
2023-02-18 07:00:00,114.0,496.0,,0.792
2023-02-18 08:00:00,42.0,537.0,,0.64
2023-02-18 09:00:00,277.0,419.0,,0.562
2023-02-18 10:00:00,831.0,618.0,,1.671
2023-02-18 11:00:00,490.0,277.0,,1.3
2023-02-18 12:00:00,618.0,500.0,,1.574
2023-02-18 13:00:00,365.0,490.0,,1.783
2023-02-18 14:00:00,500.0,771.0,,0.546
2023-02-18 15:00:00,9.0,265.0,,0.835
2023-02-18 16:00:00,630.0,193.0,,1.689
2023-02-18 17:00:00,786.0,9.0,,1.621
2023-02-18 18:00:00,193.0,80.0,,1.607
2023-02-18 19:00:00,259.0,786.0,,0.851
2023-02-18 20:00:00,80.0,857.0,,1.842
2023-02-18 21:00:00,167.0,332.0,,1.039
2023-02-18 22:00:00,582.0,203.0,,0.805
2023-02-18 23:00:00,673.0,12.0,,0.321
2023-02-19 00:00:00,599.0,292.0,,1.789
2023-02-19 01:00:00,732.0,582.0,,0.225
2023-02-19 02:00:00,203.0,209.0,,0.307
2023-02-19 03:00:00,12.0,733.0,,0.37
2023-02-19 04:00:00,68.0,91.0,,0.679
2023-02-19 05:00:00,594.0,371.0,,2.715
2023-02-19 06:00:00,524.0,599.0,,1.412
2023-02-19 07:00:00,499.0,430.0,,1.987
2023-02-19 08:00:00,168.0,832.0,,1.456
2023-02-19 09:00:00,443.0,301.0,,0.861
2023-02-19 10:00:00,301.0,70.0,,1.643
2023-02-19 11:00:00,804.0,168.0,,1.128
2023-02-19 12:00:00,459.0,804.0,,1.454
2023-02-19 13:00:00,70.0,849.0,,0.968
2023-02-19 14:00:00,289.0,760.0,,0.504
2023-02-19 15:00:00,750.0,242.0,,0.3229999999999999
2023-02-19 16:00:00,835.0,727.0,,0.547
2023-02-19 17:00:00,18.0,833.0,,10.729
2023-02-19 18:00:00,773.0,772.0,,0.999
2023-02-19 19:00:00,772.0,171.0,,1.3330000000000002
2023-02-19 20:00:00,171.0,303.0,,0.901
2023-02-19 21:00:00,303.0,528.0,,0.738
2023-02-19 22:00:00,528.0,310.0,,2.114
2023-02-19 23:00:00,310.0,178.0,,1.76
2023-02-20 00:00:00,407.0,247.0,,1.958
2023-02-20 01:00:00,525.0,438.0,,8.827
2023-02-20 02:00:00,39.0,359.0,,1.606
2023-02-20 03:00:00,565.0,284.0,,0.24
2023-02-20 04:00:00,214.0,264.0,,1.5
2023-02-20 05:00:00,716.0,163.0,,1.513
2023-02-20 06:00:00,667.0,664.0,,0.965
2023-02-20 07:00:00,619.0,799.0,,0.561
2023-02-20 08:00:00,481.0,647.0,,3.622
2023-02-20 09:00:00,96.0,185.0,,1.803
2023-02-20 10:00:00,378.0,481.0,,1.505
2023-02-20 11:00:00,185.0,160.0,,1.879
2023-02-20 12:00:00,160.0,331.0,,1.3030000000000002
2023-02-20 13:00:00,6.0,146.0,,1.16
2023-02-20 14:00:00,761.0,649.0,,0.446
2023-02-20 15:00:00,649.0,473.0,,0.557
2023-02-20 16:00:00,133.0,62.0,,0.972
2023-02-20 17:00:00,602.0,90.0,,0.978
2023-02-20 18:00:00,836.0,187.0,,2.205
2023-02-20 19:00:00,164.0,319.0,,2.318
2023-02-20 20:00:00,88.0,164.0,,0.143
2023-02-20 21:00:00,187.0,335.0,,0.143
2023-02-20 22:00:00,335.0,754.0,,2.015
2023-02-20 23:00:00,827.0,88.0,,1.7380000000000002
2023-02-21 00:00:00,749.0,827.0,,3.699
2023-02-21 01:00:00,862.0,749.0,,1.048
2023-02-21 02:00:00,735.0,45.0,,0.7759999999999999
2023-02-21 03:00:00,670.0,194.0,,2.263
2023-02-21 04:00:00,694.0,77.0,,0.382
2023-02-21 05:00:00,571.0,197.0,,1.029
2023-02-21 06:00:00,197.0,658.0,,0.359
2023-02-21 07:00:00,532.0,450.0,,1.391
2023-02-21 08:00:00,439.0,634.0,,0.39
2023-02-21 09:00:00,24.0,532.0,,0.775
2023-02-21 10:00:00,559.0,560.0,,3.983
2023-02-21 11:00:00,810.0,413.0,,1.04
2023-02-21 12:00:00,865.0,869.0,,0.584
2023-02-21 13:00:00,110.0,404.0,,1.083
2023-02-21 14:00:00,87.0,314.0,,1.376
2023-02-21 15:00:00,393.0,128.0,,0.546
2023-02-21 16:00:00,563.0,795.0,,1.554
2023-02-21 17:00:00,592.0,510.0,,0.465
2023-02-21 18:00:00,242.0,724.0,,0.321
2023-02-21 19:00:00,764.0,572.0,,0.802
2023-02-21 20:00:00,156.0,791.0,,0.625
2023-02-21 21:00:00,173.0,784.0,,2.336
2023-02-21 22:00:00,751.0,738.0,,2.222
2023-02-21 23:00:00,102.0,519.0,,1.253
2023-02-22 00:00:00,452.0,597.0,,1.314
2023-02-22 01:00:00,130.0,113.0,,1.588
2023-02-22 02:00:00,638.0,703.0,,5.313
2023-02-22 03:00:00,598.0,363.0,,1.235
2023-02-22 04:00:00,505.0,430.0,,0.767
2023-02-22 05:00:00,850.0,259.0,,0.802
2023-02-22 06:00:00,854.0,850.0,,0.209
2023-02-22 07:00:00,612.0,854.0,,0.451
2023-02-22 08:00:00,671.0,588.0,,1.055
2023-02-22 09:00:00,754.0,587.0,,3.835
2023-02-22 10:00:00,72.0,530.0,,0.8320000000000001
2023-02-22 11:00:00,695.0,7.0,,1.495
2023-02-22 12:00:00,311.0,695.0,,1.864
2023-02-22 13:00:00,462.0,836.0,,0.24
2023-02-22 14:00:00,21.0,531.0,,2.9560000000000004
2023-02-22 15:00:00,323.0,279.0,,1.234
2023-02-22 16:00:00,194.0,75.0,,1.185
2023-02-22 17:00:00,304.0,411.0,,0.532
2023-02-22 18:00:00,151.0,304.0,,0.79
2023-02-22 19:00:00,872.0,151.0,,0.594
2023-02-22 20:00:00,438.0,872.0,,0.7240000000000001
2023-02-22 21:00:00,587.0,877.0,,1.655
2023-02-22 22:00:00,286.0,579.0,,2.611
2023-02-22 23:00:00,369.0,172.0,,0.882
2023-02-23 00:00:00,797.0,406.0,,0.272
2023-02-23 01:00:00,11.0,24.0,,0.6809999999999999
2023-02-23 02:00:00,549.0,364.0,,0.802
2023-02-23 03:00:00,389.0,577.0,,1.032
2023-02-23 04:00:00,564.0,637.0,,1.223
2023-02-23 05:00:00,780.0,429.0,,0.535
2023-02-23 06:00:00,674.0,58.0,,0.7340000000000001
2023-02-23 07:00:00,495.0,674.0,,0.585
2023-02-23 08:00:00,436.0,563.0,,2.115
2023-02-23 09:00:00,165.0,807.0,,0.922
2023-02-23 10:00:00,766.0,592.0,,0.285
2023-02-23 11:00:00,361.0,864.0,,0.936
2023-02-23 12:00:00,851.0,280.0,,5.792999999999999
2023-02-23 13:00:00,558.0,27.0,,0.324
2023-02-23 14:00:00,376.0,663.0,,1.756
2023-02-23 15:00:00,290.0,750.0,,0.828
2023-02-23 16:00:00,724.0,133.0,,0.977
2023-02-23 17:00:00,90.0,761.0,,0.472
2023-02-23 18:00:00,224.0,797.0,,0.8270000000000001
2023-02-23 19:00:00,826.0,60.0,,1.365
2023-02-23 20:00:00,435.0,489.0,,1.21
2023-02-23 21:00:00,60.0,109.0,,4.113
2023-02-23 22:00:00,512.0,435.0,,1.3730000000000002
2023-02-23 23:00:00,125.0,512.0,,0.7070000000000001
2023-02-24 00:00:00,639.0,97.0,,0.976
2023-02-24 01:00:00,699.0,768.0,,0.307
2023-02-24 02:00:00,734.0,71.0,,4.009
2023-02-24 03:00:00,426.0,691.0,,3.0460000000000003
2023-02-24 04:00:00,26.0,508.0,,0.722
2023-02-24 05:00:00,873.0,527.0,,0.7859999999999999
2023-02-24 06:00:00,713.0,449.0,,0.326
2023-02-24 07:00:00,808.0,717.0,,0.804
2023-02-24 08:00:00,864.0,808.0,,0.337
2023-02-24 09:00:00,326.0,826.0,,1.207
2023-02-24 10:00:00,725.0,405.0,,1.929
2023-02-24 11:00:00,179.0,105.0,,0.606
2023-02-24 12:00:00,192.0,52.0,,8.842
2023-02-24 13:00:00,314.0,542.0,,2.59
2023-02-24 14:00:00,757.0,796.0,,0.223
2023-02-24 15:00:00,796.0,736.0,,0.72
2023-02-24 16:00:00,736.0,32.0,,1.034
2023-02-24 17:00:00,566.0,67.0,,0.541
2023-02-24 18:00:00,67.0,747.0,,1.003
2023-02-24 19:00:00,610.0,147.0,,1.093
2023-02-24 20:00:00,147.0,25.0,,2.195
2023-02-24 21:00:00,555.0,840.0,,0.482
2023-02-24 22:00:00,162.0,568.0,,1.909
2023-02-24 23:00:00,568.0,739.0,,0.92
2023-02-25 00:00:00,814.0,344.0,,4.592
2023-02-25 01:00:00,344.0,494.0,,10.337
2023-02-25 02:00:00,82.0,731.0,,0.609
2023-02-25 03:00:00,199.0,82.0,,1.006
2023-02-25 04:00:00,472.0,104.0,,1.27
2023-02-25 05:00:00,536.0,118.0,,1.93
2023-02-25 06:00:00,763.0,621.0,,5.17
2023-02-25 07:00:00,474.0,871.0,,0.8029999999999999
2023-02-25 08:00:00,358.0,474.0,,0.483
2023-02-25 09:00:00,388.0,17.0,,0.144
2023-02-25 10:00:00,205.0,388.0,,1.466
2023-02-25 11:00:00,64.0,492.0,,1.887
2023-02-25 12:00:00,49.0,246.0,,4.502
2023-02-25 13:00:00,767.0,49.0,,9.985
2023-02-25 14:00:00,332.0,811.0,,0.143
2023-02-25 15:00:00,475.0,730.0,,0.481
2023-02-25 16:00:00,605.0,308.0,,0.483
2023-02-25 17:00:00,157.0,417.0,,0.529
2023-02-25 18:00:00,752.0,323.0,,0.391
2023-02-25 19:00:00,75.0,752.0,,1.143
2023-02-25 20:00:00,271.0,670.0,,0.865
2023-02-25 21:00:00,855.0,200.0,,0.899
2023-02-25 22:00:00,200.0,442.0,,0.933
2023-02-25 23:00:00,650.0,68.0,,3.427
2023-02-26 00:00:00,196.0,673.0,,0.885
2023-02-26 01:00:00,533.0,196.0,,0.306
2023-02-26 02:00:00,229.0,392.0,,0.532
2023-02-26 03:00:00,486.0,229.0,,0.305
2023-02-26 04:00:00,350.0,26.0,,0.593
2023-02-26 05:00:00,135.0,350.0,,0.319
2023-02-26 06:00:00,65.0,63.0,,0.208
2023-02-26 07:00:00,615.0,65.0,,0.305
2023-02-26 08:00:00,215.0,681.0,,0.374
2023-02-26 09:00:00,401.0,215.0,,0.306
2023-02-26 10:00:00,737.0,231.0,,0.3989999999999999
2023-02-26 11:00:00,231.0,373.0,,0.35
2023-02-26 12:00:00,81.0,774.0,,0.687
2023-02-26 13:00:00,209.0,131.0,,0.599
2023-02-26 14:00:00,190.0,188.0,,0.304
2023-02-26 15:00:00,188.0,229.0,,5.2
2023-02-26 16:00:00,188.0,467.0,,0.578
2023-02-26 17:00:00,527.0,106.0,,0.304
2023-02-26 18:00:00,106.0,309.0,,0.914
2023-02-26 19:00:00,252.0,556.0,,0.291
2023-02-26 20:00:00,556.0,127.0,,0.763
2023-02-26 21:00:00,778.0,875.0,,0.432
2023-02-26 22:00:00,875.0,493.0,,0.352
2023-02-26 23:00:00,660.0,874.0,,0.503
2023-02-27 00:00:00,331.0,290.0,,0.451
2023-02-27 01:00:00,319.0,552.0,,0.722
2023-02-27 02:00:00,473.0,6.0,,0.883
2023-02-27 03:00:00,870.0,801.0,,0.795
2023-02-27 04:00:00,805.0,549.0,,1.229
2023-02-27 05:00:00,367.0,137.0,,1.787
2023-02-27 06:00:00,45.0,876.0,,2.825
2023-02-27 07:00:00,787.0,590.0,,3.312
2023-02-27 08:00:00,19.0,456.0,,1.665
2023-02-27 09:00:00,456.0,100.0,,1.641
2023-02-27 10:00:00,66.0,125.0,,3.347
2023-02-27 11:00:00,675.0,451.0,,1.127
2023-02-27 12:00:00,109.0,514.0,,3.625
2023-02-27 13:00:00,23.0,626.0,,0.208
2023-02-27 14:00:00,487.0,825.0,,1.433
2023-02-27 15:00:00,825.0,863.0,,0.436
2023-02-27 16:00:00,792.0,652.0,,0.342
2023-02-27 17:00:00,535.0,812.0,,1.871
2023-02-27 18:00:00,712.0,601.0,,0.415
2023-02-27 19:00:00,876.0,535.0,,4.595
2023-02-27 20:00:00,590.0,398.0,,0.838
2023-02-27 21:00:00,398.0,879.0,,0.496
2023-02-27 22:00:00,879.0,608.0,,1.821
2023-02-27 23:00:00,784.0,299.0,,2.242
2023-02-28 00:00:00,218.0,212.0,,1.885
2023-02-28 01:00:00,212.0,5.0,,0.857
2023-02-28 02:00:00,5.0,541.0,,1.276
2023-02-28 03:00:00,541.0,820.0,,1.943
2023-02-28 04:00:00,820.0,272.0,,0.355
2023-02-28 05:00:00,272.0,327.0,,1.999
2023-02-28 06:00:00,327.0,89.0,,1.837
2023-02-28 07:00:00,89.0,85.0,,1.984
2023-02-28 08:00:00,78.0,455.0,,0.31
2023-02-28 09:00:00,455.0,225.0,,3.783
2023-02-28 10:00:00,560.0,546.0,,0.488
2023-02-28 11:00:00,546.0,348.0,,1.486
2023-02-28 12:00:00,348.0,98.0,,4.337
2023-02-28 13:00:00,664.0,111.0,,2.252
2023-02-28 14:00:00,14.0,487.0,,1.198
2023-02-28 15:00:00,815.0,713.0,,1.5519999999999998
2023-02-28 16:00:00,634.0,559.0,,1.569
2023-02-28 17:00:00,76.0,325.0,,0.711
2023-02-28 18:00:00,819.0,76.0,,0.578
2023-02-28 19:00:00,789.0,860.0,,2.589
2023-02-28 20:00:00,44.0,648.0,,0.736
2023-02-28 21:00:00,554.0,377.0,,1.236
2023-02-28 22:00:00,652.0,712.0,,0.973
2023-02-28 23:00:00,1.0,179.0,,0.391
2023-03-01 00:00:00,228.0,509.0,,1.767
2023-03-01 01:00:00,377.0,686.0,,1.57
2023-03-01 02:00:00,288.0,706.0,,0.481
2023-03-01 03:00:00,425.0,604.0,,0.384
2023-03-01 04:00:00,269.0,471.0,,0.872
2023-03-01 05:00:00,480.0,757.0,,0.757
2023-03-01 06:00:00,235.0,654.0,,7.281000000000001
2023-03-01 07:00:00,354.0,851.0,,0.851
2023-03-01 08:00:00,608.0,21.0,,1.242
2023-03-01 09:00:00,279.0,735.0,,2.005
2023-03-01 10:00:00,309.0,252.0,,0.402
2023-03-01 11:00:00,63.0,135.0,,1.091
2023-03-01 12:00:00,681.0,615.0,,0.941
2023-03-01 13:00:00,127.0,778.0,,0.503
2023-03-01 14:00:00,373.0,401.0,,0.607
2023-03-01 15:00:00,493.0,81.0,,0.863
2023-03-01 16:00:00,225.0,11.0,,1.6569999999999998
2023-03-01 17:00:00,129.0,351.0,,0.275
2023-03-01 18:00:00,355.0,766.0,,0.705
2023-03-01 19:00:00,733.0,594.0,,1.393
2023-03-01 20:00:00,131.0,267.0,,0.7879999999999999
2023-03-01 21:00:00,611.0,533.0,,0.789
2023-03-01 22:00:00,392.0,611.0,,0.79
2023-03-01 23:00:00,267.0,190.0,,0.741
2023-03-02 00:00:00,508.0,486.0,,0.7859999999999999
2023-03-02 01:00:00,467.0,873.0,,0.722
2023-03-02 02:00:00,676.0,174.0,,0.947
2023-03-02 03:00:00,852.0,550.0,,0.705
2023-03-02 04:00:00,273.0,818.0,,1.912
2023-03-02 05:00:00,16.0,139.0,,1.389
2023-03-02 06:00:00,755.0,233.0,,0.526
2023-03-02 07:00:00,143.0,336.0,,1.6869999999999998
2023-03-02 08:00:00,833.0,842.0,,3.388
2023-03-02 09:00:00,154.0,192.0,,11.022
2023-03-02 10:00:00,846.0,794.0,,0.34
2023-03-02 11:00:00,794.0,311.0,,2.089
2023-03-02 12:00:00,343.0,707.0,,1.4480000000000002
2023-03-02 13:00:00,544.0,689.0,,2.093
2023-03-02 14:00:00,382.0,562.0,,0.289
2023-03-02 15:00:00,882.0,788.0,,0.336
2023-03-02 16:00:00,385.0,236.0,,0.828
2023-03-02 17:00:00,74.0,605.0,,0.882
2023-03-02 18:00:00,502.0,567.0,,0.419
2023-03-02 19:00:00,678.0,641.0,,0.27
2023-03-02 20:00:00,31.0,347.0,,0.032
2023-03-02 21:00:00,347.0,107.0,,3.5610000000000004
2023-03-02 22:00:00,741.0,678.0,,1.37
2023-03-02 23:00:00,861.0,740.0,,2.37
2023-03-03 00:00:00,613.0,829.0,,0.619
2023-03-03 01:00:00,107.0,578.0,,1.699
2023-03-03 02:00:00,829.0,741.0,,1.849
2023-03-03 03:00:00,578.0,8.0,,1.507
2023-03-03 04:00:00,201.0,613.0,,1.3769999999999998
2023-03-03 05:00:00,395.0,208.0,,1.21
2023-03-03 06:00:00,8.0,409.0,,1.571
2023-03-03 07:00:00,522.0,201.0,,1.476
2023-03-03 08:00:00,682.0,522.0,,0.272
2023-03-03 09:00:00,409.0,609.0,,0.304
2023-03-03 10:00:00,497.0,682.0,,1.685
2023-03-03 11:00:00,609.0,169.0,,1.429
2023-03-03 12:00:00,169.0,758.0,,1.011
2023-03-03 13:00:00,50.0,759.0,,2.373
2023-03-03 14:00:00,758.0,479.0,,0.321
2023-03-03 15:00:00,479.0,53.0,,4.415
2023-03-03 16:00:00,53.0,684.0,,2.344
2023-03-03 17:00:00,644.0,50.0,,5.004
2023-03-03 18:00:00,684.0,296.0,,19.138
2023-03-03 19:00:00,696.0,644.0,,2.406
2023-03-03 20:00:00,437.0,334.0,,2.0340000000000003
2023-03-03 21:00:00,380.0,882.0,,0.993
2023-03-03 22:00:00,551.0,257.0,,1.944
2023-03-03 23:00:00,257.0,230.0,,0.353
2023-03-04 00:00:00,397.0,699.0,,0.598
2023-03-04 01:00:00,567.0,114.0,,0.307
2023-03-04 02:00:00,7.0,343.0,,0.353
2023-03-04 03:00:00,405.0,432.0,,0.361
2023-03-04 04:00:00,759.0,497.0,,0.255
2023-03-04 05:00:00,641.0,846.0,,1.78
2023-03-04 06:00:00,108.0,226.0,,0.497
2023-03-04 07:00:00,132.0,646.0,,1.406
2023-03-04 08:00:00,518.0,98.0,,7.349
2023-03-04 09:00:00,432.0,31.0,,2.279
2023-03-04 10:00:00,111.0,148.0,,0.564
2023-03-04 11:00:00,103.0,158.0,,2.004
2023-03-04 12:00:00,38.0,46.0,,5.834
2023-03-04 13:00:00,281.0,864.0,,2.6260000000000003
2023-03-04 14:00:00,281.0,357.0,,1.112
2023-03-04 15:00:00,632.0,38.0,,1.127
2023-03-04 16:00:00,298.0,661.0,,1.224
2023-03-04 17:00:00,570.0,3.0,,4.033
2023-03-04 18:00:00,264.0,396.0,,20.539
2023-03-04 19:00:00,482.0,744.0,,0.483
2023-03-04 20:00:00,359.0,525.0,,0.8340000000000001
2023-03-04 21:00:00,4.0,547.0,,1.16
2023-03-04 22:00:00,447.0,37.0,,0.925
2023-03-04 23:00:00,415.0,534.0,,1.182
2023-03-05 00:00:00,869.0,374.0,,0.884
2023-03-05 01:00:00,690.0,645.0,,0.805
2023-03-05 02:00:00,645.0,756.0,,0.966
2023-03-05 03:00:00,756.0,238.0,,0.481
2023-03-05 04:00:00,238.0,580.0,,0.972
2023-03-05 05:00:00,413.0,477.0,,0.762
2023-03-05 06:00:00,580.0,669.0,,0.805
2023-03-05 07:00:00,669.0,700.0,,0.818
2023-03-05 08:00:00,798.0,810.0,,0.72
2023-03-05 09:00:00,534.0,538.0,,0.972
2023-03-05 10:00:00,538.0,824.0,,1.132
2023-03-05 11:00:00,719.0,865.0,,1.568
2023-03-05 12:00:00,824.0,543.0,,1.827
2023-03-05 13:00:00,404.0,719.0,,1.13
2023-03-05 14:00:00,700.0,353.0,,0.3879999999999999
2023-03-05 15:00:00,40.0,798.0,,0.815
2023-03-05 16:00:00,163.0,705.0,,1.04
2023-03-05 17:00:00,596.0,468.0,,2.272
2023-03-05 18:00:00,28.0,677.0,,2.093
2023-03-05 19:00:00,390.0,161.0,,1.7619999999999998
2023-03-05 20:00:00,461.0,629.0,,3.822
2023-03-05 21:00:00,629.0,390.0,,5.981
2023-03-05 22:00:00,629.0,262.0,,1.591
2023-03-05 23:00:00,115.0,183.0,,1.607
2023-03-06 00:00:00,10.0,340.0,,9.636
2023-03-06 01:00:00,340.0,696.0,,19.063
2023-03-06 02:00:00,842.0,143.0,,1.548
2023-03-06 03:00:00,790.0,386.0,,0.581
2023-03-06 04:00:00,840.0,834.0,,3.059
2023-03-06 05:00:00,543.0,275.0,,2.31
2023-03-06 06:00:00,691.0,551.0,,1.394
2023-03-06 07:00:00,707.0,544.0,,0.497
2023-03-06 08:00:00,121.0,469.0,,2.077
2023-03-06 09:00:00,22.0,121.0,,1.751
2023-03-06 10:00:00,547.0,240.0,,0.255
2023-03-06 11:00:00,701.0,583.0,,0.778
2023-03-06 12:00:00,788.0,573.0,,0.785
2023-03-06 13:00:00,488.0,790.0,,0.675
2023-03-06 14:00:00,312.0,765.0,,0.7390000000000001
2023-03-06 15:00:00,517.0,867.0,,0.469
2023-03-06 16:00:00,52.0,835.0,,5.28
2023-03-06 17:00:00,337.0,540.0,,1.227
2023-03-06 18:00:00,159.0,38.0,,2.662
2023-03-06 19:00:00,159.0,337.0,,0.336
2023-03-06 20:00:00,510.0,159.0,,0.8029999999999999
2023-03-06 21:00:00,621.0,515.0,,6.499
2023-03-06 22:00:00,658.0,439.0,,1.033
2023-03-06 23:00:00,62.0,462.0,,0.588
2023-03-07 00:00:00,241.0,813.0,,0.963
2023-03-07 01:00:00,321.0,175.0,,0.8079999999999999
2023-03-07 02:00:00,802.0,321.0,,0.48
2023-03-07 03:00:00,813.0,814.0,,2.34
2023-03-07 04:00:00,492.0,802.0,,0.48
2023-03-07 05:00:00,141.0,358.0,,1.7719999999999998
2023-03-07 06:00:00,834.0,162.0,,1.707
2023-03-07 07:00:00,139.0,1.0,,4.561
2023-03-07 08:00:00,661.0,182.0,,1.028
2023-03-07 09:00:00,318.0,73.0,,1.202
2023-03-07 10:00:00,293.0,30.0,,0.768
2023-03-07 11:00:00,54.0,465.0,,0.96
2023-03-07 12:00:00,730.0,285.0,,0.962
2023-03-07 13:00:00,858.0,441.0,,1.164
2023-03-07 14:00:00,328.0,685.0,,0.223
2023-03-07 15:00:00,324.0,453.0,,0.693
2023-03-07 16:00:00,470.0,520.0,,0.6609999999999999
2023-03-07 17:00:00,856.0,548.0,,0.481
2023-03-07 18:00:00,180.0,859.0,,0.789
2023-03-07 19:00:00,276.0,180.0,,0.482
2023-03-07 20:00:00,548.0,380.0,,0.498
2023-03-07 21:00:00,308.0,2.0,,0.946
2023-03-07 22:00:00,427.0,502.0,,1.19
2023-03-07 23:00:00,662.0,116.0,,1.139
2023-03-08 00:00:00,0.0,475.0,,0.962
2023-03-08 01:00:00,866.0,293.0,,0.962
2023-03-08 02:00:00,364.0,87.0,,0.718
2023-03-08 03:00:00,553.0,443.0,,1.648
2023-03-08 04:00:00,665.0,553.0,,0.96
2023-03-08 05:00:00,342.0,806.0,,0.935
2023-03-08 06:00:00,248.0,753.0,,0.6709999999999999
2023-03-08 07:00:00,742.0,248.0,,0.319
2023-03-08 08:00:00,457.0,110.0,,3.772
2023-03-08 09:00:00,457.0,464.0,,2.7430000000000003
2023-03-08 10:00:00,839.0,189.0,,1.287
2023-03-08 11:00:00,803.0,457.0,,0.644
2023-03-08 12:00:00,428.0,803.0,,2.086
2023-03-08 13:00:00,189.0,539.0,,2.09
2023-03-08 14:00:00,275.0,839.0,,0.802
2023-03-08 15:00:00,622.0,258.0,,2.025
2023-03-08 16:00:00,399.0,622.0,,0.321
2023-03-08 17:00:00,539.0,444.0,,1.77
2023-03-08 18:00:00,806.0,399.0,,0.997
2023-03-08 19:00:00,753.0,665.0,,0.927
2023-03-08 20:00:00,832.0,342.0,,0.66
2023-03-08 21:00:00,469.0,828.0,,1.288
2023-03-08 22:00:00,828.0,715.0,,1.449
2023-03-08 23:00:00,715.0,281.0,,4.011
2023-03-09 00:00:00,715.0,624.0,,1.769
2023-03-09 01:00:00,624.0,881.0,,0.481
2023-03-09 02:00:00,46.0,478.0,,2.41
2023-03-09 03:00:00,478.0,410.0,,2.411
2023-03-09 04:00:00,410.0,692.0,,0.48
2023-03-09 05:00:00,692.0,243.0,,4.972
2023-03-09 06:00:00,243.0,428.0,,2.062
2023-03-09 07:00:00,444.0,211.0,,0.31
2023-03-09 08:00:00,211.0,433.0,,4.614
2023-03-09 09:00:00,760.0,459.0,,0.948
2023-03-09 10:00:00,433.0,631.0,,0.325
2023-03-09 11:00:00,631.0,809.0,,2.591
2023-03-09 12:00:00,254.0,422.0,,2.166
2023-03-09 13:00:00,307.0,254.0,,0.637
2023-03-09 14:00:00,616.0,307.0,,1.94
2023-03-09 15:00:00,423.0,402.0,,0.654
2023-03-09 16:00:00,728.0,281.0,,5.496
2023-03-09 17:00:00,728.0,423.0,,2.9
2023-03-09 18:00:00,809.0,728.0,,2.521
2023-03-09 19:00:00,422.0,219.0,,1.524
2023-03-09 20:00:00,219.0,815.0,,3.754
2023-03-09 21:00:00,881.0,46.0,,2.414
2023-03-09 22:00:00,402.0,616.0,,1.3090000000000002
2023-03-09 23:00:00,464.0,742.0,,1.121
2023-03-10 00:00:00,258.0,275.0,,0.7070000000000001
2023-03-10 01:00:00,142.0,426.0,,4.148
2023-03-10 02:00:00,740.0,666.0,,0.51
2023-03-10 03:00:00,418.0,741.0,,2.841
2023-03-10 04:00:00,769.0,43.0,,0.341
2023-03-10 05:00:00,43.0,119.0,,0.61
2023-03-10 06:00:00,119.0,234.0,,0.7020000000000001
2023-03-10 07:00:00,718.0,775.0,,0.894
2023-03-10 08:00:00,234.0,584.0,,0.34
2023-03-10 09:00:00,584.0,745.0,,0.425
2023-03-10 10:00:00,313.0,379.0,,0.409
2023-03-10 11:00:00,379.0,693.0,,1.585
2023-03-10 12:00:00,745.0,313.0,,1.125
2023-03-10 13:00:00,360.0,33.0,,0.715
2023-03-10 14:00:00,693.0,593.0,,0.354
2023-03-10 15:00:00,593.0,485.0,,0.835
2023-03-10 16:00:00,48.0,507.0,,1.354
2023-03-10 17:00:00,485.0,642.0,,0.852
2023-03-10 18:00:00,642.0,504.0,,1.053
2023-03-10 19:00:00,816.0,48.0,,0.861
2023-03-10 20:00:00,504.0,47.0,,1.088
2023-03-10 21:00:00,47.0,86.0,,0.959
2023-03-10 22:00:00,145.0,557.0,,1.4280000000000002
2023-03-10 23:00:00,86.0,855.0,,1.874
2023-03-11 00:00:00,292.0,145.0,,0.648
2023-03-11 01:00:00,557.0,816.0,,0.72
2023-03-11 02:00:00,507.0,711.0,,0.534
2023-03-11 03:00:00,711.0,260.0,,1.222
2023-03-11 04:00:00,260.0,329.0,,0.308
2023-03-11 05:00:00,329.0,360.0,,0.93
2023-03-11 06:00:00,33.0,221.0,,0.32
2023-03-11 07:00:00,221.0,718.0,,0.445
2023-03-11 08:00:00,775.0,268.0,,0.3429999999999999
2023-03-11 09:00:00,268.0,817.0,,1.15
2023-03-11 10:00:00,817.0,418.0,,0.518
2023-03-11 11:00:00,666.0,769.0,,1.413
2023-03-11 12:00:00,416.0,484.0,,0.513
2023-03-11 13:00:00,484.0,617.0,,0.959
2023-03-11 14:00:00,647.0,154.0,,9.751
2023-03-11 15:00:00,330.0,39.0,,14.042
2023-03-11 16:00:00,515.0,330.0,,0.889
2023-03-11 17:00:00,17.0,141.0,,1.606
2023-03-11 18:00:00,338.0,737.0,,0.799
2023-03-11 19:00:00,774.0,595.0,,1.4880000000000002
2023-03-11 20:00:00,776.0,338.0,,1.4880000000000002
2023-03-11 21:00:00,595.0,625.0,,1.604
2023-03-11 22:00:00,442.0,776.0,,1.608
2023-03-11 23:00:00,625.0,524.0,,0.986
2023-03-12 00:00:00,13.0,39.0,,1.212
2023-03-12 01:00:00,13.0,74.0,,0.546
2023-03-12 02:00:00,370.0,42.0,,0.883
2023-03-12 03:00:00,537.0,13.0,,0.8420000000000001
2023-03-12 04:00:00,496.0,521.0,,2.095
2023-03-12 05:00:00,521.0,400.0,,0.6409999999999999
2023-03-12 06:00:00,463.0,671.0,,0.2239999999999999
2023-03-12 07:00:00,230.0,725.0,,1.733
2023-03-12 08:00:00,811.0,142.0,,1.311
2023-03-12 09:00:00,530.0,463.0,,0.319
2023-03-12 10:00:00,36.0,278.0,,1.133
2023-03-12 11:00:00,202.0,218.0,,2.959
2023-03-12 12:00:00,531.0,694.0,,2.01
2023-03-12 13:00:00,77.0,416.0,,0.61
2023-03-12 14:00:00,689.0,382.0,,0.079
2023-03-12 15:00:00,588.0,612.0,,1.492
2023-03-12 16:00:00,857.0,167.0,,0.416
2023-03-12 17:00:00,400.0,831.0,,0.868
2023-03-12 18:00:00,419.0,370.0,,1.205
2023-03-12 19:00:00,771.0,630.0,,1.126
2023-03-12 20:00:00,265.0,365.0,,1.012
2023-03-12 21:00:00,161.0,271.0,,1.594
2023-03-12 22:00:00,617.0,461.0,,1.751
2023-03-12 23:00:00,334.0,714.0,,2.162
2023-03-13 00:00:00,208.0,256.0,,1.023
2023-03-13 01:00:00,417.0,476.0,,0.1119999999999999
2023-03-13 02:00:00,256.0,639.0,,1.036
2023-03-13 03:00:00,256.0,199.0,,4.669
2023-03-13 04:00:00,878.0,687.0,,0.77
2023-03-13 05:00:00,583.0,503.0,,2.217
2023-03-13 06:00:00,503.0,633.0,,0.804
2023-03-13 07:00:00,92.0,878.0,,2.213
2023-03-13 08:00:00,434.0,305.0,,1.413
2023-03-13 09:00:00,69.0,316.0,,0.639
2023-03-13 10:00:00,722.0,434.0,,0.6409999999999999
2023-03-13 11:00:00,316.0,381.0,,0.878
2023-03-13 12:00:00,320.0,589.0,,0.894
2023-03-13 13:00:00,291.0,545.0,,0.225
2023-03-13 14:00:00,633.0,291.0,,0.482
2023-03-13 15:00:00,217.0,92.0,,0.8029999999999999
2023-03-13 16:00:00,140.0,837.0,,0.6709999999999999
2023-03-13 17:00:00,362.0,294.0,,0.733
2023-03-13 18:00:00,150.0,558.0,,0.483
2023-03-13 19:00:00,868.0,213.0,,0.608
2023-03-13 20:00:00,677.0,523.0,,0.531
2023-03-13 21:00:00,246.0,64.0,,0.375
2023-03-13 22:00:00,227.0,653.0,,2.674
2023-03-13 23:00:00,366.0,403.0,,0.289
2023-03-14 00:00:00,284.0,384.0,,1.804
2023-03-14 01:00:00,384.0,698.0,,2.903
2023-03-14 02:00:00,529.0,366.0,,1.7990000000000002
2023-03-14 03:00:00,698.0,482.0,,2.414
2023-03-14 04:00:00,352.0,529.0,,2.903
2023-03-14 05:00:00,744.0,575.0,,0.161
2023-03-14 06:00:00,575.0,376.0,,4.843
2023-03-14 07:00:00,148.0,214.0,,1.16
2023-03-14 08:00:00,860.0,716.0,,1.228
2023-03-14 09:00:00,799.0,79.0,,0.809
2023-03-14 10:00:00,59.0,667.0,,0.889
2023-03-14 11:00:00,746.0,59.0,,0.807
2023-03-14 12:00:00,198.0,378.0,,1.465
2023-03-14 13:00:00,98.0,57.0,,0.815
2023-03-14 14:00:00,420.0,96.0,,2.06
2023-03-14 15:00:00,240.0,683.0,,7.196
2023-03-14 16:00:00,782.0,16.0,,1.722
2023-03-14 17:00:00,843.0,253.0,,3.809
2023-03-14 18:00:00,353.0,415.0,,1.961
2023-03-14 19:00:00,663.0,789.0,,17.238
2023-03-14 20:00:00,591.0,600.0,,8.862
2023-03-14 21:00:00,374.0,40.0,,1.471
2023-03-14 22:00:00,477.0,498.0,,1.596
2023-03-14 23:00:00,710.0,843.0,,0.785
2023-03-15 00:00:00,396.0,352.0,,6.295999999999999
2023-03-15 01:00:00,9.0,153.0,,310.6
2023-03-15 02:00:00,153.0,62.0,,330.9
2023-03-15 03:00:00,62.0,111.0,,332.9
2023-03-15 04:00:00,111.0,11.0,,324.2
2023-03-15 05:00:00,11.0,28.0,,336.0
2023-03-15 06:00:00,28.0,169.0,,133.7
2023-03-15 07:00:00,138.0,135.0,,354.7
2023-03-15 08:00:00,135.0,133.0,,387.9
2023-03-15 09:00:00,133.0,163.0,,337.1
2023-03-15 10:00:00,163.0,20.0,,352.0
2023-03-15 11:00:00,20.0,19.0,,420.8
2023-03-15 12:00:00,19.0,14.0,,351.3
2023-03-15 13:00:00,14.0,39.0,,340.2
2023-03-15 14:00:00,39.0,164.0,,350.3
2023-03-15 15:00:00,164.0,167.0,,365.2
2023-03-15 16:00:00,167.0,70.0,,359.0
2023-03-15 17:00:00,70.0,59.0,,388.2
2023-03-15 18:00:00,59.0,58.0,,305.7
2023-03-15 19:00:00,58.0,67.0,,294.4
2023-03-15 20:00:00,67.0,66.0,,299.5
2023-03-15 21:00:00,66.0,55.0,,313.3
2023-03-15 22:00:00,55.0,53.0,,332.1
2023-03-15 23:00:00,53.0,150.0,,278.9
2023-03-16 00:00:00,150.0,61.0,,308.4
2023-03-16 01:00:00,61.0,64.0,,311.4
2023-03-16 02:00:00,64.0,63.0,,243.6
2023-03-16 03:00:00,47.0,65.0,,372.8
2023-03-16 04:00:00,65.0,48.0,,319.4
2023-03-16 05:00:00,48.0,49.0,,309.7
2023-03-16 06:00:00,49.0,54.0,,320.5
2023-03-16 07:00:00,54.0,56.0,,318.3
2023-03-16 08:00:00,56.0,57.0,,297.9
2023-03-16 09:00:00,57.0,68.0,,293.5
2023-03-16 10:00:00,68.0,69.0,,342.5
2023-03-16 11:00:00,69.0,60.0,,318.0
2023-03-16 12:00:00,60.0,17.0,,305.9
2023-03-16 13:00:00,17.0,5.0,,321.4
2023-03-16 14:00:00,5.0,18.0,,402.2
2023-03-16 15:00:00,18.0,22.0,,447.4
2023-03-16 16:00:00,22.0,30.0,,377.5
2023-03-16 17:00:00,30.0,29.0,,417.7
2023-03-16 18:00:00,29.0,21.0,,360.8
2023-03-16 19:00:00,21.0,132.0,,407.6
2023-03-16 20:00:00,132.0,134.0,,386.9
2023-03-16 21:00:00,134.0,136.0,,350.2
2023-03-16 22:00:00,123.0,121.0,,326.3
2023-03-16 23:00:00,121.0,140.0,,385.2
2023-03-17 00:00:00,140.0,118.0,,393.0
2023-03-17 01:00:00,118.0,96.0,,296.7
2023-03-17 02:00:00,96.0,94.0,,398.2
2023-03-17 03:00:00,94.0,86.0,,337.1
2023-03-17 04:00:00,86.0,78.0,,473.8
2023-03-17 05:00:00,78.0,46.0,,353.4
2023-03-17 06:00:00,46.0,152.0,,385.7
2023-03-17 07:00:00,152.0,157.0,,350.0
2023-03-17 08:00:00,157.0,35.0,,354.4
2023-03-17 09:00:00,35.0,77.0,,356.1
2023-03-17 10:00:00,77.0,52.0,,354.2
2023-03-17 11:00:00,52.0,3.0,,357.8
2023-03-17 12:00:00,3.0,16.0,,382.4
2023-03-17 13:00:00,16.0,0.0,,55.7
2023-03-17 14:00:00,42.0,12.0,,335.1
2023-03-17 15:00:00,12.0,139.0,,328.8
2023-03-17 16:00:00,139.0,168.0,,412.6
2023-03-17 17:00:00,168.0,154.0,,337.3
2023-03-17 18:00:00,154.0,143.0,,370.7
2023-03-17 19:00:00,143.0,10.0,,6.3
2023-03-17 20:00:00,107.0,105.0,,354.6
2023-03-17 21:00:00,105.0,104.0,,386.9
2023-03-17 22:00:00,104.0,148.0,,362.1
2023-03-17 23:00:00,148.0,97.0,,316.3
2023-03-18 00:00:00,97.0,101.0,,380.7
2023-03-18 01:00:00,101.0,137.0,,361.4
2023-03-18 02:00:00,137.0,102.0,,365.5
2023-03-18 03:00:00,102.0,24.0,,375.5
2023-03-18 04:00:00,24.0,166.0,,312.2
2023-03-18 05:00:00,129.0,156.0,,256.1
2023-03-18 06:00:00,156.0,33.0,,329.1
2023-03-18 07:00:00,33.0,32.0,,356.5
2023-03-18 08:00:00,91.0,89.0,,405.6
2023-03-18 09:00:00,89.0,147.0,,347.0
2023-03-18 10:00:00,147.0,15.0,,351.7
2023-03-18 11:00:00,15.0,44.0,,339.5
2023-03-18 12:00:00,44.0,41.0,,350.8
2023-03-18 13:00:00,41.0,43.0,,322.6
2023-03-18 14:00:00,43.0,100.0,,338.9
2023-03-18 15:00:00,100.0,83.0,,347.9
2023-03-18 16:00:00,83.0,87.0,,327.2
2023-03-18 17:00:00,87.0,88.0,,321.0
2023-03-18 18:00:00,88.0,75.0,,335.8
2023-03-18 19:00:00,75.0,51.0,,384.8
2023-03-18 20:00:00,51.0,73.0,,391.1
2023-03-18 21:00:00,73.0,71.0,,289.3
2023-03-18 22:00:00,31.0,155.0,,260.0
2023-03-18 23:00:00,155.0,34.0,,320.4
2023-03-19 00:00:00,34.0,128.0,,393.3
2023-03-19 01:00:00,145.0,115.0,,399.4
2023-03-19 02:00:00,115.0,112.0,,328.1
2023-03-19 03:00:00,112.0,8.0,,469.4
2023-03-19 04:00:00,8.0,117.0,,816.2
2023-03-19 05:00:00,117.0,125.0,,397.1
2023-03-19 06:00:00,125.0,127.0,,372.7
2023-03-19 07:00:00,127.0,109.0,,380.5
2023-03-19 08:00:00,109.0,161.0,,355.5
2023-03-19 09:00:00,161.0,110.0,,367.7
2023-03-19 10:00:00,110.0,160.0,,102.0
2023-03-19 11:00:00,72.0,159.0,,342.9
2023-03-19 12:00:00,159.0,50.0,,383.3
2023-03-19 13:00:00,50.0,74.0,,354.1
2023-03-19 14:00:00,74.0,82.0,,350.2
2023-03-19 15:00:00,82.0,81.0,,335.4
2023-03-19 16:00:00,81.0,99.0,,391.6
2023-03-19 17:00:00,99.0,84.0,,354.9
2023-03-19 18:00:00,84.0,13.0,,306.4
2023-03-19 19:00:00,13.0,40.0,,327.4
2023-03-19 20:00:00,40.0,162.0,,413.9
2023-03-19 21:00:00,162.0,108.0,,301.9
2023-03-19 22:00:00,108.0,146.0,,317.8
2023-03-19 23:00:00,146.0,85.0,,376.6
2023-03-20 00:00:00,85.0,90.0,,347.0
2023-03-20 01:00:00,26.0,27.0,,341.6
2023-03-20 02:00:00,27.0,6.0,,359.4
2023-03-20 03:00:00,6.0,149.0,,417.8
2023-03-20 04:00:00,149.0,126.0,,388.0
2023-03-20 05:00:00,126.0,124.0,,384.3
2023-03-20 06:00:00,124.0,7.0,,763.3
2023-03-20 07:00:00,7.0,114.0,,323.1
2023-03-20 08:00:00,114.0,113.0,,351.6
2023-03-20 09:00:00,113.0,116.0,,411.9
2023-03-20 10:00:00,116.0,144.0,,262.0
2023-03-20 11:00:00,25.0,103.0,,350.2
2023-03-20 12:00:00,103.0,23.0,,376.3
2023-03-20 13:00:00,23.0,165.0,,396.4
2023-03-20 14:00:00,165.0,38.0,,381.0
2023-03-20 15:00:00,38.0,92.0,,368.0
2023-03-20 16:00:00,92.0,37.0,,336.3
2023-03-20 17:00:00,37.0,130.0,,357.8
2023-03-20 18:00:00,130.0,106.0,,532.3
2023-03-20 19:00:00,106.0,131.0,,166.5
2023-03-20 20:00:00,1.0,2.0,,371.6
2023-03-20 21:00:00,2.0,4.0,,338.1
2023-03-20 22:00:00,4.0,76.0,,429.0
2023-03-20 23:00:00,76.0,36.0,,366.1
2023-03-21 00:00:00,36.0,158.0,,344.5
2023-03-21 01:00:00,158.0,151.0,,350.1
2023-03-21 02:00:00,151.0,45.0,,358.8
2023-03-21 03:00:00,45.0,93.0,,340.9
2023-03-21 04:00:00,93.0,80.0,,329.9
2023-03-21 05:00:00,80.0,79.0,,384.1
2023-03-21 06:00:00,79.0,95.0,,335.7
2023-03-21 07:00:00,95.0,98.0,,320.9
2023-03-21 08:00:00,98.0,119.0,,340.3
2023-03-21 09:00:00,119.0,120.0,,376.8
2023-03-21 10:00:00,120.0,122.0,,393.1
2023-03-21 11:00:00,122.0,141.0,,428.7
2023-03-21 12:00:00,141.0,142.0,,359.3
2023-03-21 13:00:00,30.0,165.0,,379.6
2023-03-21 14:00:00,165.0,29.0,,41.7
2023-03-21 15:00:00,29.0,38.0,,343.3
2023-03-21 16:00:00,65.0,72.0,,297.9
2023-03-21 17:00:00,72.0,48.0,,21.5
2023-03-21 18:00:00,17.0,153.0,,375.6
2023-03-21 19:00:00,153.0,5.0,,256.3
2023-03-21 20:00:00,153.0,62.0,,330.9
2023-03-21 21:00:00,18.0,6.0,,499.4
2023-03-21 22:00:00,6.0,22.0,,254.0
2023-03-21 23:00:00,22.0,149.0,,185.4
2023-03-22 00:00:00,22.0,4.0,,257.9
2023-03-22 01:00:00,4.0,30.0,,236.8
2023-03-22 02:00:00,30.0,76.0,,307.0
2023-03-22 03:00:00,95.0,98.0,,320.9
2023-03-22 04:00:00,98.0,144.0,,45.1
2023-03-22 05:00:00,45.0,93.0,,340.9
2023-03-22 06:00:00,93.0,106.0,,112.2
2023-03-22 07:00:00,162.0,151.0,,113.6
2023-03-22 08:00:00,151.0,108.0,,192.9
2023-03-22 09:00:00,108.0,45.0,,359.8
2023-03-22 10:00:00,146.0,92.0,,311.2
2023-03-22 11:00:00,92.0,85.0,,343.9
2023-03-22 12:00:00,85.0,37.0,,373.2
2023-03-22 13:00:00,13.0,169.0,,326.2
2023-03-22 14:00:00,169.0,40.0,,96.1
2023-03-22 15:00:00,124.0,13.0,,460.7
2023-03-22 16:00:00,13.0,7.0,,305.5
2023-03-22 17:00:00,7.0,40.0,,624.1
2023-03-22 18:00:00,124.0,169.0,,145.2
2023-03-22 19:00:00,169.0,7.0,,631.5
2023-03-22 20:00:00,90.0,132.0,,152.2
2023-03-22 21:00:00,26.0,32.0,,106.7
2023-03-22 22:00:00,9.0,129.0,,148.3
2023-03-22 23:00:00,129.0,153.0,,219.6
2023-03-23 00:00:00,31.0,26.0,,116.0
2023-03-23 01:00:00,26.0,155.0,,270.7
2023-03-23 02:00:00,9.0,128.0,,142.2
2023-03-23 03:00:00,128.0,153.0,,215.0
2023-03-23 04:00:00,153.0,167.0,,269.7
2023-03-23 05:00:00,167.0,62.0,,64.8
2023-03-23 06:00:00,62.0,70.0,,332.6
2023-03-23 07:00:00,124.0,169.0,,145.2
2023-03-23 08:00:00,169.0,7.0,,631.5
2023-03-23 09:00:00,44.0,169.0,,397.8
2023-03-23 10:00:00,169.0,41.0,,124.0
2023-03-23 11:00:00,44.0,124.0,,375.7
2023-03-23 12:00:00,124.0,41.0,,243.9
2023-03-23 13:00:00,41.0,7.0,,519.4
2023-03-23 14:00:00,6.0,14.0,,289.3
2023-03-23 15:00:00,14.0,149.0,,259.0
2023-03-23 16:00:00,149.0,39.0,,206.9
2023-03-23 17:00:00,144.0,98.0,,45.1
2023-03-23 18:00:00,19.0,4.0,,326.8
2023-03-23 19:00:00,4.0,14.0,,178.6
2023-03-23 20:00:00,14.0,76.0,,299.0
2023-03-23 21:00:00,15.0,151.0,,136.4
2023-03-23 22:00:00,151.0,44.0,,203.1
2023-03-23 23:00:00,45.0,106.0,,260.6
2023-03-24 00:00:00,106.0,93.0,,112.2
2023-03-24 01:00:00,20.0,165.0,,132.5
2023-03-24 02:00:00,165.0,19.0,,289.2
2023-03-24 03:00:00,89.0,92.0,,323.2
2023-03-24 04:00:00,92.0,147.0,,321.9
2023-03-24 05:00:00,147.0,37.0,,48.2
2023-03-24 06:00:00,133.0,91.0,,152.8
2023-03-24 07:00:00,91.0,163.0,,313.6
2023-03-24 08:00:00,150.0,71.0,,221.1
2023-03-24 09:00:00,71.0,61.0,,89.6
2023-03-24 10:00:00,78.0,107.0,,143.9
2023-03-24 11:00:00,107.0,46.0,,236.3
2023-03-24 12:00:00,104.0,147.0,,277.5
2023-03-24 13:00:00,147.0,148.0,,84.7
2023-03-24 14:00:00,20.0,101.0,,201.2
2023-03-24 15:00:00,101.0,19.0,,534.4
2023-03-24 16:00:00,19.0,137.0,,245.5
2023-03-24 17:00:00,8.0,42.0,,759.5
2023-03-24 18:00:00,42.0,117.0,,58.9
2023-03-24 19:00:00,44.0,42.0,,342.3
2023-03-24 20:00:00,42.0,41.0,,102.5
2023-03-24 21:00:00,44.0,8.0,,789.1
2023-03-24 22:00:00,8.0,41.0,,657.4
2023-03-24 23:00:00,41.0,117.0,,160.5
2023-03-25 00:00:00,168.0,167.0,,172.4
2023-03-25 01:00:00,167.0,154.0,,165.2
2023-03-25 02:00:00,143.0,128.0,,81.9
2023-03-25 03:00:00,128.0,10.0,,88.2
2023-03-25 04:00:00,118.0,145.0,,250.6
2023-03-25 05:00:00,145.0,96.0,,85.1
2023-03-25 06:00:00,15.0,152.0,,135.0
2023-03-25 07:00:00,152.0,44.0,,204.6
2023-03-25 08:00:00,19.0,77.0,,320.7
2023-03-25 09:00:00,77.0,14.0,,299.8
2023-03-25 10:00:00,14.0,52.0,,127.6
2023-03-25 11:00:00,14.0,127.0,,314.8
2023-03-25 12:00:00,127.0,39.0,,280.4
2023-03-25 13:00:00,39.0,109.0,,237.0
2023-03-25 14:00:00,31.0,160.0,,116.5
2023-03-25 15:00:00,160.0,155.0,,272.4
2023-03-25 16:00:00,133.0,91.0,,152.8
2023-03-25 17:00:00,91.0,163.0,,313.6
2023-03-25 18:00:00,150.0,71.0,,221.1
2023-03-25 19:00:00,71.0,61.0,,89.6
2023-03-25 20:00:00,32.0,160.0,,107.7
2023-03-25 21:00:00,72.0,162.0,,3274.4
2023-03-25 22:00:00,162.0,13.0,,554.5
2023-03-25 23:00:00,162.0,40.0,,413.9
2023-03-26 00:00:00,65.0,72.0,,297.9
2023-03-26 01:00:00,72.0,48.0,,21.5
2023-03-26 02:00:00,13.0,42.0,,319.8
2023-03-26 03:00:00,42.0,40.0,,40.7
2023-03-26 04:00:00,8.0,42.0,,759.5
2023-03-26 05:00:00,42.0,117.0,,58.9
2023-03-26 06:00:00,8.0,13.0,,450.3
2023-03-26 07:00:00,13.0,117.0,,378.5
2023-03-26 08:00:00,117.0,40.0,,64.0
2023-03-26 09:00:00,46.0,162.0,,391.6
2023-03-26 10:00:00,162.0,152.0,,115.3
2023-03-26 11:00:00,152.0,108.0,,191.4
2023-03-26 12:00:00,104.0,108.0,,375.9
2023-03-26 13:00:00,108.0,148.0,,311.6
2023-03-26 14:00:00,148.0,146.0,,80.0
2023-03-26 15:00:00,21.0,90.0,,396.9
2023-03-26 16:00:00,90.0,132.0,,152.2
2023-03-26 17:00:00,101.0,29.0,,252.3
2023-03-26 18:00:00,29.0,137.0,,110.7
2023-03-26 19:00:00,77.0,22.0,,353.8
2023-03-26 20:00:00,22.0,52.0,,227.8
2023-03-26 21:00:00,52.0,30.0,,186.6
2023-03-26 22:00:00,127.0,18.0,,425.2
2023-03-26 23:00:00,18.0,109.0,,439.1
2023-03-27 00:00:00,109.0,22.0,,135.5
2023-03-27 01:00:00,168.0,17.0,,232.7
2023-03-27 02:00:00,17.0,154.0,,294.2
2023-03-27 03:00:00,154.0,5.0,,166.3
2023-03-27 04:00:00,78.0,107.0,,143.9
2023-03-27 05:00:00,107.0,46.0,,236.3
2023-03-27 06:00:00,118.0,145.0,,250.6
2023-03-27 07:00:00,145.0,96.0,,85.1
