BEGIN_YEARMONTH,BEGIN_DAY,BEGIN_TIME,END_YEARMONTH,END_DAY,END_TIME,EPISODE_ID,EVENT_ID,STATE,STATE_FIPS,YEAR,MONTH_NAME,EVENT_TYPE,CZ_TYPE,CZ_FIPS,CZ_NAME,WFO,BEGIN_DATE_TIME,CZ_TIMEZONE,END_DATE_TIME,INJURIES_DIRECT,INJURIES_INDIRECT,DEATHS_DIRECT,DEATHS_INDIRECT,DAMAGE_PROPERTY,DAMAGE_CROPS,SOURCE,MAGNITUDE,MAGNITUDE_TYPE,FLOOD_CAUSE,CATEGORY,TOR_F_SCALE,TOR_LENGTH,TOR_WIDTH,TOR_OTHER_WFO,TOR_OTHER_CZ_STATE,TOR_OTHER_CZ_FIPS,TOR_OTHER_CZ_NAME,BEGIN_RANGE,BEGIN_AZIMUTH,BEGIN_LOCATION,END_RANGE,END_AZIMUTH,END_LOCATION,BEGIN_LAT,BEGIN_LON,END_LAT,END_LON,EPISODE_NARRATIVE,EVENT_NARRATIVE,DATA_SOURCE,BEGIN_DATE,BEGIN_DATETIME,END_DATE,END_DATETIME,storm_severity,storm_duration,Storm_Severity
195203,18,1830,195203,18,1830,,10063631,MISSOURI,29,1952,March,Tornado,C,31,CAPE GIRARDEAU,,18-MAR-52 18:30:00,CST,18-MAR-52 18:30:00,0,0,0,0,25000.0,0,,0,,,,F2,6.2,500,,,,,0,,,0,,,37.37,-89.78,37.45,-89.73,,,PUB,19520318,1952-03-18 18:03:00,19520318,1952-03-18 18:03:00,Low,0.0,Moderate
195206,29,1100,195206,29,1100,,9991454,FLORIDA,12,1952,June,Tornado,C,103,PINELLAS,,29-JUN-52 11:00:00,CST,29-JUN-52 11:00:00,0,0,0,0,2500.0,0,,0,,,,F1,0.0,33,,,,,0,,,0,,,27.75,-82.65,,,,,PUB,19520629,1952-06-29 11:00:00,19520629,1952-06-29 11:00:00,Low,0.0,Low
195201,17,1934,195201,17,1934,,10104937,PENNSYLVANIA,42,1952,January,Tornado,C,39,CRAWFORD,,17-JAN-52 19:34:00,CST,17-JAN-52 19:34:00,0,0,0,0,250000.0,0,,0,,,,F2,0.5,400,,,,,0,,,0,,,41.6,-80.3,,,,,PUB,19520117,1952-01-17 19:03:04,19520117,1952-01-17 19:03:04,Low,0.0,High
195204,5,1215,195204,5,1215,,10104938,PENNSYLVANIA,42,1952,April,Tornado,C,133,YORK,,05-APR-52 12:15:00,CST,05-APR-52 12:15:00,4,0,0,0,2500000.0,0,,0,,,,F3,17.5,33,,,,,0,,,0,,,39.8,-76.98,39.95,-76.72,,,PUB,19520405,1952-04-05 12:01:05,19520405,1952-04-05 12:01:05,Low,0.0,Severe
195204,5,1300,195204,5,1300,,10104939,PENNSYLVANIA,42,1952,April,Tornado,C,43,DAUPHIN,,05-APR-52 13:00:00,CST,05-APR-52 13:00:00,6,0,0,0,250000.0,0,,0,,,,F0,0.0,33,,,,,0,,,0,,,40.23,-76.8,,,,,PUB,19520405,1952-04-05 13:00:00,19520405,1952-04-05 13:00:00,Low,0.0,High
195204,5,1530,195204,5,1530,,10104940,PENNSYLVANIA,42,1952,April,Tornado,C,89,MONROE,,05-APR-52 15:30:00,CST,05-APR-52 15:30:00,0,0,0,0,2500.0,0,,0,,,,F1,1.0,33,,,,,0,,,0,,,41.12,-75.28,,,,,PUB,19520405,1952-04-05 15:03:00,19520405,1952-04-05 15:03:00,Low,0.0,Low
195207,19,545,195207,19,545,,10104941,PENNSYLVANIA,42,1952,July,Tornado,C,49,ERIE,,19-JUL-52 05:45:00,CST,19-JUL-52 05:45:00,0,0,0,0,2500.0,0,,0,,,,F2,5.6,27,,,,,0,,,0,,,41.93,-79.75,41.92,-79.63,,,PUB,19520719,1952-07-19 05:04:05,19520719,1952-07-19 05:04:05,Low,0.0,Low
195207,23,1230,195207,23,1230,,10104942,PENNSYLVANIA,42,1952,July,Tornado,C,87,MIFFLIN,,23-JUL-52 12:30:00,CST,23-JUL-52 12:30:00,4,0,0,0,25000.0,0,,0,,,,F2,0.0,33,,,,,0,,,0,,,40.62,-77.57,,,,,PUB,19520723,1952-07-23 12:03:00,19520723,1952-07-23 12:03:00,Low,0.0,Moderate
195208,16,1815,195208,16,1815,,10104943,PENNSYLVANIA,42,1952,August,Tornado,C,43,DAUPHIN,,16-AUG-52 18:15:00,CST,16-AUG-52 18:15:00,0,0,0,0,2500.0,0,,0,,,,F1,0.5,30,,,,,0,,,0,,,40.62,-76.72,,,,,PUB,19520816,1952-08-16 18:01:05,19520816,1952-08-16 18:01:05,Low,0.0,Low
195204,5,1610,195204,5,1610,,10082588,NEW JERSEY,34,1952,April,Tornado,C,39,UNION,,05-APR-52 16:10:00,CST,05-APR-52 16:10:00,0,0,0,0,2500.0,0,,0,,,,F1,0.2,33,,,,,0,,,0,,,40.63,-74.32,,,,,PUB,19520405,1952-04-05 16:01:00,19520405,1952-04-05 16:01:00,Low,0.0,Low
195208,10,904,195208,10,904,,10082589,NEW JERSEY,34,1952,August,Tornado,C,5,BURLINGTON,,10-AUG-52 09:04:00,CST,10-AUG-52 09:04:00,0,0,0,0,25000.0,0,,0,,,,F1,2.3,100,,,,,0,,,0,,,40.0,-74.6,40.03,-74.57,,,PUB,19520810,1952-08-10 09:00:04,19520810,1952-08-10 09:00:04,Low,0.0,Moderate
195208,10,930,195208,10,930,,10082590,NEW JERSEY,34,1952,August,Tornado,C,9,CAPE MAY,,10-AUG-52 09:30:00,CST,10-AUG-52 09:30:00,0,0,0,0,25000.0,0,,0,,,,F1,12.5,100,,,,,0,,,0,,,40.03,-74.57,40.17,-74.4,,,PUB,19520810,1952-08-10 09:03:00,19520810,1952-08-10 09:03:00,Low,0.0,Moderate
195205,24,1505,195205,24,1505,,10083092,OHIO,39,1952,May,Tornado,C,35,CUYAHOGA,,24-MAY-52 15:05:00,CST,24-MAY-52 15:05:00,0,0,0,0,25000.0,0,,0,,,,F1,0.0,200,,,,,0,,,0,,,41.42,-81.5,,,,,PUB,19520524,1952-05-24 15:00:05,19520524,1952-05-24 15:00:05,Low,0.0,Moderate
195207,13,1500,195207,13,1500,,10099559,OKLAHOMA,40,1952,July,Tornado,C,131,ROGERS,,13-JUL-52 15:00:00,CST,13-JUL-52 15:00:00,0,0,0,0,2500.0,0,,0,,,,F1,0.0,33,,,,,0,,,0,,,36.32,-95.7,,,,,PUB,19520713,1952-07-13 15:00:00,19520713,1952-07-13 15:00:00,Low,0.0,Low
195207,16,1730,195207,16,1730,,10099560,OKLAHOMA,40,1952,July,Tornado,C,7,BEAVER,,16-JUL-52 17:30:00,CST,16-JUL-52 17:30:00,0,0,0,0,25000.0,0,,0,,,,F1,0.0,30,,,,,0,,,0,,,36.87,-100.88,,,,,PUB,19520716,1952-07-16 17:03:00,19520716,1952-07-16 17:03:00,Low,0.0,Moderate
195208,15,1630,195208,15,1630,,10099561,OKLAHOMA,40,1952,August,Tornado,C,83,LOGAN,,15-AUG-52 16:30:00,CST,15-AUG-52 16:30:00,0,0,0,0,25000.0,0,,0,,,,F2,5.1,77,,,,,0,,,0,,,35.8,-97.5,35.85,-97.43,,,PUB,19520815,1952-08-15 16:03:00,19520815,1952-08-15 16:03:00,Low,0.0,Moderate
195204,20,1600,195204,20,1600,,10099750,OKLAHOMA,40,1952,April,Tornado,C,65,JACKSON,,20-APR-52 16:00:00,CST,20-APR-52 16:00:00,0,0,0,0,250.0,0,,0,,,,F0,1.5,440,,,,,0,,,0,,,34.67,-99.5,,,,,PUB,19520420,1952-04-20 16:00:00,19520420,1952-04-20 16:00:00,Low,0.0,Low
195204,20,1600,195204,20,1600,,10099751,OKLAHOMA,40,1952,April,Tornado,C,65,JACKSON,,20-APR-52 16:00:00,CST,20-APR-52 16:00:00,0,0,0,0,0.0,0,,0,,,,F0,1.5,440,,,,,0,,,0,,,34.67,-99.5,,,,,PUB,19520420,1952-04-20 16:00:00,19520420,1952-04-20 16:00:00,Low,0.0,Low
195204,20,1600,195204,20,1600,,10099752,OKLAHOMA,40,1952,April,Tornado,C,65,JACKSON,,20-APR-52 16:00:00,CST,20-APR-52 16:00:00,0,0,0,0,0.0,0,,0,,,,F0,1.5,440,,,,,0,,,0,,,34.67,-99.5,,,,,PUB,19520420,1952-04-20 16:00:00,19520420,1952-04-20 16:00:00,Low,0.0,Low
195204,20,1700,195204,20,1700,,10099753,OKLAHOMA,40,1952,April,Tornado,C,9,BECKHAM,,20-APR-52 17:00:00,CST,20-APR-52 17:00:00,0,0,0,0,0.0,0,,0,,,,F1,0.0,20,,,,,0,,,0,,,35.3,-99.67,,,,,PUB,19520420,1952-04-20 17:00:00,19520420,1952-04-20 17:00:00,Low,0.0,Low
195204,20,1830,195204,20,1830,,10099754,OKLAHOMA,40,1952,April,Tornado,C,129,ROGER MILLS,,20-APR-52 18:30:00,CST,20-APR-52 18:30:00,0,0,0,0,0.0,0,,0,,,,F0,0.0,20,,,,,0,,,0,,,35.97,-99.47,,,,,PUB,19520420,1952-04-20 18:03:00,19520420,1952-04-20 18:03:00,Low,0.0,Low
195204,20,1915,195204,20,1915,,10099755,OKLAHOMA,40,1952,April,Tornado,C,43,DEWEY,,20-APR-52 19:15:00,CST,20-APR-52 19:15:00,0,0,0,0,0.0,0,,0,,,,F0,0.0,20,,,,,0,,,0,,,36.15,-99.3,,,,,PUB,19520420,1952-04-20 19:01:05,19520420,1952-04-20 19:01:05,Low,0.0,Low
195204,21,1605,195204,21,1605,,10099756,OKLAHOMA,40,1952,April,Tornado,C,71,KAY,,21-APR-52 16:05:00,CST,21-APR-52 16:05:00,0,0,0,0,0.0,0,,0,,,,F0,0.3,50,,,,,0,,,0,,,36.87,-97.33,,,,,PUB,19520421,1952-04-21 16:00:05,19520421,1952-04-21 16:00:05,Low,0.0,Low
195204,30,1545,195204,30,1545,,10099757,OKLAHOMA,40,1952,April,Tornado,C,151,WOODS,,30-APR-52 15:45:00,CST,30-APR-52 15:45:00,0,0,0,0,2500.0,0,,0,,,,F2,13.7,200,,,,,0,,,0,,,36.77,-99.08,36.77,-98.83,,,PUB,19520430,1952-04-30 15:04:05,19520430,1952-04-30 15:04:05,Low,0.0,Low
195204,8,1645,195204,8,1645,,10099748,OKLAHOMA,40,1952,April,Tornado,C,9,BECKHAM,,08-APR-52 16:45:00,CST,08-APR-52 16:45:00,0,0,0,0,250.0,0,,0,,,,F0,45.9,100,,,,,0,,,0,,,35.25,-99.7,35.85,-99.35,,,PUB,19520408,1952-04-08 16:04:05,19520408,1952-04-08 16:04:05,Low,0.0,Low
195204,20,1530,195204,20,1530,,10099749,OKLAHOMA,40,1952,April,Tornado,C,57,HARMON,,20-APR-52 15:30:00,CST,20-APR-52 15:30:00,0,0,0,0,25000.0,0,,0,,,,F1,0.0,20,,,,,0,,,0,,,34.88,-99.87,,,,,PUB,19520420,1952-04-20 15:03:00,19520420,1952-04-20 15:03:00,Low,0.0,Moderate
195205,22,2330,195205,22,2330,,10099758,OKLAHOMA,40,1952,May,Tornado,C,51,GRADY,,22-MAY-52 23:30:00,CST,22-MAY-52 23:30:00,0,0,0,0,250.0,0,,0,,,,F1,0.0,33,,,,,0,,,0,,,34.75,-97.92,,,,,PUB,19520522,1952-05-22 23:03:00,19520522,1952-05-22 23:03:00,Low,0.0,Low
195205,23,400,195205,23,400,,10099759,OKLAHOMA,40,1952,May,Tornado,C,119,PAYNE,,23-MAY-52 04:00:00,CST,23-MAY-52 04:00:00,0,0,0,0,2500.0,0,,0,,,,F1,0.0,33,,,,,0,,,0,,,36.02,-96.82,,,,,PUB,19520523,1952-05-23 04:00:00,19520523,1952-05-23 04:00:00,Low,0.0,Low
195205,23,430,195205,23,430,,10099760,OKLAHOMA,40,1952,May,Tornado,C,75,KIOWA,,23-MAY-52 04:30:00,CST,23-MAY-52 04:30:00,0,0,0,0,2500.0,0,,0,,,,F1,16.9,100,,,,,0,,,0,,,34.67,-98.87,34.83,-98.65,,,PUB,19520523,1952-05-23 04:03:00,19520523,1952-05-23 04:03:00,Low,0.0,Low
195205,23,445,195205,23,445,,10099761,OKLAHOMA,40,1952,May,Tornado,C,31,COMANCHE,,23-MAY-52 04:45:00,CST,23-MAY-52 04:45:00,1,0,0,0,250000.0,0,,0,,,,F2,0.3,150,,,,,0,,,0,,,34.62,-98.42,,,,,PUB,19520523,1952-05-23 04:04:05,19520523,1952-05-23 04:04:05,Low,0.0,High
195205,23,500,195205,23,500,,10099762,OKLAHOMA,40,1952,May,Tornado,C,31,COMANCHE,,23-MAY-52 05:00:00,CST,23-MAY-52 05:00:00,0,0,0,0,250000.0,0,,0,,,,F2,0.0,200,,,,,0,,,0,,,34.65,-98.43,,,,,PUB,19520523,1952-05-23 05:00:00,19520523,1952-05-23 05:00:00,Low,0.0,High
195206,1,49,195206,1,49,,10099763,OKLAHOMA,40,1952,June,Tornado,C,129,ROGER MILLS,,01-JUN-52 00:49:00,CST,01-JUN-52 00:49:00,0,0,0,0,2500.0,0,,0,,,,F1,0.0,33,,,,,0,,,0,,,35.5,-100.0,,,,,PUB,19520601,,19520601,,Low,,Low
195206,4,1530,195206,4,1530,,10099764,OKLAHOMA,40,1952,June,Tornado,C,11,BLAINE,,04-JUN-52 15:30:00,CST,04-JUN-52 15:30:00,0,0,0,0,2500.0,0,,0,,,,F1,0.0,33,,,,,0,,,0,,,36.07,-98.32,,,,,PUB,19520604,1952-06-04 15:03:00,19520604,1952-06-04 15:03:00,Low,0.0,Low
195206,15,50,195206,15,50,,10099765,OKLAHOMA,40,1952,June,Tornado,C,129,ROGER MILLS,,15-JUN-52 00:50:00,CST,15-JUN-52 00:50:00,0,0,0,0,2500.0,0,,0,,,,F1,0.0,33,,,,,0,,,0,,,35.62,-99.68,,,,,PUB,19520615,,19520615,,Low,,Low
195206,21,1550,195206,21,1550,,10099766,OKLAHOMA,40,1952,June,Tornado,C,93,MAJOR,,21-JUN-52 15:50:00,CST,21-JUN-52 15:50:00,0,0,0,0,30.0,0,,0,,,,F1,0.3,440,,,,,0,,,0,,,36.28,-98.42,,,,,PUB,19520621,1952-06-21 15:05:00,19520621,1952-06-21 15:05:00,Low,0.0,Low
195206,29,1630,195206,29,1630,,10099767,OKLAHOMA,40,1952,June,Tornado,C,141,TILLMAN,,29-JUN-52 16:30:00,CST,29-JUN-52 16:30:00,1,0,0,0,2500.0,0,,0,,,,F2,0.0,33,,,,,0,,,0,,,34.38,-99.0,,,,,PUB,19520629,1952-06-29 16:03:00,19520629,1952-06-29 16:03:00,Low,0.0,Low
195207,7,1330,195207,7,1330,,10099768,OKLAHOMA,40,1952,July,Tornado,C,17,CANADIAN,,07-JUL-52 13:30:00,CST,07-JUL-52 13:30:00,0,0,0,0,0.0,0,,0,,,,F1,3.6,50,,,,,0,,,0,,,35.33,-97.83,35.37,-97.78,,,PUB,19520707,1952-07-07 13:03:00,19520707,1952-07-07 13:03:00,Low,0.0,Low
195204,30,1830,195204,30,1830,,10121789,TEXAS,48,1952,April,Tornado,C,451,TOM GREEN,,30-APR-52 18:30:00,CST,30-APR-52 18:30:00,6,0,0,0,250000.0,0,,0,,,,F3,0.5,100,,,,,0,,,0,,,31.45,-100.47,,,,,PUB,19520430,1952-04-30 18:03:00,19520430,1952-04-30 18:03:00,Low,0.0,High
195205,23,1140,195205,23,1140,,10121790,TEXAS,48,1952,May,Tornado,C,213,HENDERSON,,23-MAY-52 11:40:00,CST,23-MAY-52 11:40:00,1,0,0,0,2500.0,0,,0,,,,F0,0.5,33,,,,,0,,,0,,,32.22,-95.62,,,,,PUB,19520523,1952-05-23 11:04:00,19520523,1952-05-23 11:04:00,Low,0.0,Low
195205,23,1430,195205,23,1430,,10121791,TEXAS,48,1952,May,Tornado,C,451,TOM GREEN,,23-MAY-52 14:30:00,CST,23-MAY-52 14:30:00,1,0,0,0,2500.0,0,,0,,,,F1,7.1,50,,,,,0,,,0,,,31.45,-100.48,31.45,-100.37,,,PUB,19520523,1952-05-23 14:03:00,19520523,1952-05-23 14:03:00,Low,0.0,Low
195208,12,1615,195208,12,1615,,10121793,TEXAS,48,1952,August,Tornado,C,503,YOUNG,,12-AUG-52 16:15:00,CST,12-AUG-52 16:15:00,0,0,0,0,25000.0,0,,0,,,,F1,0.7,50,,,,,0,,,0,,,33.12,-98.6,,,,,PUB,19520812,1952-08-12 16:01:05,19520812,1952-08-12 16:01:05,Low,0.0,Moderate
195212,3,1815,195212,3,1815,,10121794,TEXAS,48,1952,December,Tornado,C,455,TRINITY,,03-DEC-52 18:15:00,CST,03-DEC-52 18:15:00,4,0,0,0,25000.0,0,,0,,,,F2,13.3,100,,,,,0,,,0,,,30.9,-95.3,30.95,-95.08,,,PUB,19521203,1952-12-03 18:01:05,19521203,1952-12-03 18:01:05,Low,0.0,Moderate
195202,1,1500,195202,1,1500,,10123412,TEXAS,48,1952,February,Tornado,C,361,ORANGE,,01-FEB-52 15:00:00,CST,01-FEB-52 15:00:00,0,0,0,0,25000.0,0,,0,,,,F2,1.0,67,,,,,0,,,0,,,30.08,-93.77,,,,,PUB,19520201,1952-02-01 15:00:00,19520201,1952-02-01 15:00:00,Low,0.0,Moderate
195203,2,2200,195203,2,2200,,10123413,TEXAS,48,1952,March,Tornado,C,113,DALLAS,,02-MAR-52 22:00:00,CST,02-MAR-52 22:00:00,0,0,0,0,2500.0,0,,0,,,,F0,0.2,7,,,,,0,,,0,,,32.97,-96.58,,,,,PUB,19520302,1952-03-02 22:00:00,19520302,1952-03-02 22:00:00,Low,0.0,Low
195203,17,1930,195203,17,1930,,10123414,TEXAS,48,1952,March,Tornado,C,485,WICHITA,,17-MAR-52 19:30:00,CST,17-MAR-52 19:30:00,0,0,0,0,25000.0,0,,0,,,,F1,0.0,33,,,,,0,,,0,,,33.88,-98.58,,,,,PUB,19520317,1952-03-17 19:03:00,19520317,1952-03-17 19:03:00,Low,0.0,Moderate
195203,17,2000,195203,17,2000,,10123415,TEXAS,48,1952,March,Tornado,C,363,PALO PINTO,,17-MAR-52 20:00:00,CST,17-MAR-52 20:00:00,0,0,0,0,2500.0,0,,0,,,,F0,0.5,20,,,,,0,,,0,,,32.92,-98.25,,,,,PUB,19520317,1952-03-17 20:00:00,19520317,1952-03-17 20:00:00,Low,0.0,Low
195204,3,1800,195204,3,1800,,10123416,TEXAS,48,1952,April,Tornado,C,181,GRAYSON,,03-APR-52 18:00:00,CST,03-APR-52 18:00:00,1,0,0,0,25000.0,0,,0,,,,F2,4.9,200,,,,,0,,,0,,,33.6,-96.7,33.63,-96.63,,,PUB,19520403,1952-04-03 18:00:00,19520403,1952-04-03 18:00:00,Low,0.0,Moderate
195204,18,1415,195204,18,1415,,10123417,TEXAS,48,1952,April,Tornado,C,213,HENDERSON,,18-APR-52 14:15:00,CST,18-APR-52 14:15:00,0,0,0,0,2500.0,0,,0,,,,F1,0.8,200,,,,,0,,,0,,,32.22,-95.85,,,,,PUB,19520418,1952-04-18 14:01:05,19520418,1952-04-18 14:01:05,Low,0.0,Low
195204,21,1215,195204,21,1215,,10123418,TEXAS,48,1952,April,Tornado,C,309,MCLENNAN,,21-APR-52 12:15:00,CST,21-APR-52 12:15:00,0,0,0,0,25000.0,0,,0,,,,F4,2.3,200,,,,,0,,,0,,,31.5,-97.45,31.48,-97.42,,,PUB,19520421,1952-04-21 12:01:05,19520421,1952-04-21 12:01:05,Low,0.0,Moderate
195211,14,2100,195211,14,2100,,9982822,ARIZONA,4,1952,November,Tornado,C,25,YAVAPAI,,14-NOV-52 21:00:00,CST,14-NOV-52 21:00:00,0,0,0,0,0.0,0,,0,,,,,0.2,200,,,,,0,,,0,,,35.13,-112.57,,,,,PUB,19521114,1952-11-14 21:00:00,19521114,1952-11-14 21:00:00,Low,0.0,Low
195205,6,1300,195205,6,1300,,10075659,NEW YORK,36,1952,May,Tornado,C,31,ESSEX,,06-MAY-52 13:00:00,CST,06-MAY-52 13:00:00,0,0,0,0,25000.0,0,,0,,,,F2,4.9,200,,,,,0,,,0,,,44.33,-74.0,44.38,-73.92,,,PUB,19520506,1952-05-06 13:00:00,19520506,1952-05-06 13:00:00,Low,0.0,Moderate
195209,17,1130,195209,17,1130,,10076649,NORTH CAROLINA,37,1952,September,Tornado,C,55,DARE,,17-SEP-52 11:30:00,CST,17-SEP-52 11:30:00,0,0,0,0,25000.0,0,,0,,,,F3,1.0,50,,,,,0,,,0,,,35.95,-75.6,,,,,PUB,19520917,1952-09-17 11:03:00,19520917,1952-09-17 11:03:00,Low,0.0,Moderate
195202,13,2200,195202,13,2200,,10047286,MISSISSIPPI,28,1952,February,Tornado,C,95,MONROE,,13-FEB-52 22:00:00,CST,13-FEB-52 22:00:00,1,0,0,0,25000.0,0,,0,,,,F1,0.0,33,,,,,0,,,0,,,33.85,-88.47,,,,,PUB,19520213,1952-02-13 22:00:00,19520213,1952-02-13 22:00:00,Low,0.0,Moderate
195202,13,2230,195202,13,2230,,10047287,MISSISSIPPI,28,1952,February,Tornado,C,45,HANCOCK,,13-FEB-52 22:30:00,CST,13-FEB-52 22:30:00,2,0,0,0,0.0,0,,0,,,,F1,0.0,33,,,,,0,,,0,,,30.42,-89.48,,,,,PUB,19520213,1952-02-13 22:03:00,19520213,1952-02-13 22:03:00,Low,0.0,Low
195203,21,2030,195203,21,2030,,10047288,MISSISSIPPI,28,1952,March,Tornado,C,89,MADISON,,21-MAR-52 20:30:00,CST,21-MAR-52 20:30:00,1,0,0,0,2500.0,0,,0,,,,,0.0,20,,,,,0,,,0,,,32.47,-90.12,,,,,PUB,19520321,1952-03-21 20:03:00,19520321,1952-03-21 20:03:00,Low,0.0,Low
195203,21,2200,195203,21,2200,,10047289,MISSISSIPPI,28,1952,March,Tornado,C,93,MARSHALL,,21-MAR-52 22:00:00,CST,21-MAR-52 22:00:00,24,0,9,0,250000.0,0,,0,,,,F4,10.9,100,,,,,0,,,0,,,34.87,-89.68,35.0,-89.58,,,PUB,19520321,1952-03-21 22:00:00,19520321,1952-03-21 22:00:00,Low,0.0,High
195207,29,1600,195207,29,1600,,10047290,MISSISSIPPI,28,1952,July,Tornado,C,31,COVINGTON,,29-JUL-52 16:00:00,CST,29-JUL-52 16:00:00,0,0,0,0,25000.0,0,,0,,,,,0.0,33,,,,,0,,,0,,,31.62,-89.53,,,,,PUB,19520729,1952-07-29 16:00:00,19520729,1952-07-29 16:00:00,Low,0.0,Moderate
195208,3,1545,195208,3,1545,,10047291,MISSISSIPPI,28,1952,August,Tornado,C,71,LAFAYETTE,,03-AUG-52 15:45:00,CST,03-AUG-52 15:45:00,0,0,0,0,25000.0,0,,0,,,,F2,0.3,200,,,,,0,,,0,,,34.37,-89.52,,,,,PUB,19520803,1952-08-03 15:04:05,19520803,1952-08-03 15:04:05,Low,0.0,Moderate
195206,10,1700,195206,10,1700,,10089659,NORTH DAKOTA,38,1952,June,Tornado,C,33,GOLDEN VALLEY,,10-JUN-52 17:00:00,CST,10-JUN-52 17:00:00,0,0,0,0,25000.0,0,,0,,,,,8.8,300,,,,,0,,,0,,,47.07,-104.0,47.2,-104.03,,,PUB,19520610,1952-06-10 17:00:00,19520610,1952-06-10 17:00:00,Low,0.0,Moderate
195206,10,1900,195206,10,1900,,10089660,NORTH DAKOTA,38,1952,June,Tornado,C,89,STARK,,10-JUN-52 19:00:00,CST,10-JUN-52 19:00:00,0,0,0,0,25000.0,0,,0,,,,F2,10.1,33,,,,,0,,,0,,,46.78,-103.02,46.78,-102.8,,,PUB,19520610,1952-06-10 19:00:00,19520610,1952-06-10 19:00:00,Low,0.0,Moderate
195206,15,1600,195206,15,1600,,10089661,NORTH DAKOTA,38,1952,June,Tornado,C,103,WELLS,,15-JUN-52 16:00:00,CST,15-JUN-52 16:00:00,1,0,0,0,25000.0,0,,0,,,,F3,1.7,33,,,,,0,,,0,,,47.4,-99.55,,,,,PUB,19520615,1952-06-15 16:00:00,19520615,1952-06-15 16:00:00,Low,0.0,Moderate
195206,20,1500,195206,20,1500,,10089662,NORTH DAKOTA,38,1952,June,Tornado,C,61,MOUNTRAIL,,20-JUN-52 15:00:00,CST,20-JUN-52 15:00:00,0,0,0,0,0.0,0,,0,,,,,0.0,33,,,,,0,,,0,,,47.92,-102.13,,,,,PUB,19520620,1952-06-20 15:00:00,19520620,1952-06-20 15:00:00,Low,0.0,Low
195207,1,1400,195207,1,1400,,10089663,NORTH DAKOTA,38,1952,July,Tornado,C,77,RICHLAND,,01-JUL-52 14:00:00,CST,01-JUL-52 14:00:00,0,0,0,0,25000.0,0,,0,,,,F3,0.5,33,,,,,0,,,0,,,46.07,-96.95,,,,,PUB,19520701,1952-07-01 14:00:00,19520701,1952-07-01 14:00:00,Low,0.0,Moderate
195207,1,1730,195207,1,1730,,10089664,NORTH DAKOTA,38,1952,July,Tornado,C,53,MCKENZIE,,01-JUL-52 17:30:00,CST,01-JUL-52 17:30:00,0,0,0,0,25000.0,0,,0,,,,F2,9.7,33,,,,,0,,,0,,,47.82,-103.55,47.8,-103.33,,,PUB,19520701,1952-07-01 17:03:00,19520701,1952-07-01 17:03:00,Low,0.0,Moderate
195208,10,945,195208,10,945,,10082591,NEW JERSEY,34,1952,August,Tornado,C,25,MONMOUTH,,10-AUG-52 09:45:00,CST,10-AUG-52 09:45:00,0,0,0,0,25000.0,0,,0,,,,F1,24.5,100,,,,,0,,,0,,,40.17,-74.4,40.42,-74.07,,,PUB,19520810,1952-08-10 09:04:05,19520810,1952-08-10 09:04:05,Low,0.0,Moderate
195207,19,1730,195207,19,1730,,10072246,MONTANA,30,1952,July,Tornado,C,25,FALLON,,19-JUL-52 17:30:00,CST,19-JUL-52 17:30:00,0,0,0,0,250000.0,0,,0,,,,,55.5,33,,,,,0,,,0,,,46.37,-104.28,46.37,-103.12,,,PUB,19520719,1952-07-19 17:03:00,19520719,1952-07-19 17:03:00,Low,0.0,High
195207,19,1830,195207,19,1830,,10072247,MONTANA,30,1952,July,Tornado,C,109,WIBAUX,,19-JUL-52 18:30:00,CST,19-JUL-52 18:30:00,2,0,1,0,250000.0,0,,0,,,,F3,9.1,33,,,,,0,,,0,,,46.97,-104.25,47.0,-104.05,,,PUB,19520719,1952-07-19 18:03:00,19520719,1952-07-19 18:03:00,Low,0.0,High
195208,13,1930,195208,13,1930,,10073807,NEBRASKA,31,1952,August,Tornado,C,25,CASS,,13-AUG-52 19:30:00,CST,13-AUG-52 19:30:00,0,0,0,0,250000.0,0,,0,,,,F4,7.3,33,,,,,0,,,0,,,41.02,-96.32,40.93,-96.22,,,PUB,19520813,1952-08-13 19:03:00,19520813,1952-08-13 19:03:00,Low,0.0,High
195206,15,1902,195206,15,1902,,10073801,NEBRASKA,31,1952,June,Tornado,C,89,HOLT,,15-JUN-52 19:02:00,CST,15-JUN-52 19:02:00,0,0,0,0,2500.0,0,,0,,,,F1,1.0,33,,,,,0,,,0,,,42.48,-98.67,,,,,PUB,19520615,1952-06-15 19:00:02,19520615,1952-06-15 19:00:02,Low,0.0,Low
195207,1,1800,195207,1,1800,,10089665,NORTH DAKOTA,38,1952,July,Tornado,C,15,BURLEIGH,,01-JUL-52 18:00:00,CST,01-JUL-52 18:00:00,25,0,1,0,250000.0,0,,0,,,,F4,19.8,150,,,,,0,,,0,,,47.05,-100.5,47.15,-100.1,,,PUB,19520701,1952-07-01 18:00:00,19520701,1952-07-01 18:00:00,Low,0.0,High
195207,1,1836,195207,1,1836,,10089666,NORTH DAKOTA,38,1952,July,Tornado,C,15,BURLEIGH,,01-JUL-52 18:36:00,CST,01-JUL-52 18:36:00,1,0,0,0,250000.0,0,,0,,,,F4,28.2,150,,,,,0,,,0,,,47.15,-100.1,47.2,-99.5,,,PUB,19520701,1952-07-01 18:03:06,19520701,1952-07-01 18:03:06,Low,0.0,High
195207,9,1500,195207,9,1500,,10089667,NORTH DAKOTA,38,1952,July,Tornado,C,35,GRAND FORKS,,09-JUL-52 15:00:00,CST,09-JUL-52 15:00:00,0,0,0,0,2500.0,0,,0,,,,F2,0.0,33,,,,,0,,,0,,,47.92,-97.17,,,,,PUB,19520709,1952-07-09 15:00:00,19520709,1952-07-09 15:00:00,Low,0.0,Low
195207,19,1830,195207,19,1830,,10089668,NORTH DAKOTA,38,1952,July,Tornado,C,33,GOLDEN VALLEY,,19-JUL-52 18:30:00,CST,19-JUL-52 18:30:00,0,0,0,0,2500.0,0,,0,,,,F3,7.3,33,,,,,0,,,0,,,47.0,-104.05,47.02,-103.88,,,PUB,19520719,1952-07-19 18:03:00,19520719,1952-07-19 18:03:00,Low,0.0,Low
195207,24,1900,195207,24,1900,,10089669,NORTH DAKOTA,38,1952,July,Tornado,C,93,STUTSMAN,,24-JUL-52 19:00:00,CST,24-JUL-52 19:00:00,0,0,0,0,250000.0,0,,0,,,,F2,7.3,33,,,,,0,,,0,,,47.0,-98.67,47.0,-98.5,,,PUB,19520724,1952-07-24 19:00:00,19520724,1952-07-24 19:00:00,Low,0.0,High
195206,26,2000,195206,26,2000,,10073802,NEBRASKA,31,1952,June,Tornado,C,151,SALINE,,26-JUN-52 20:00:00,CST,26-JUN-52 20:00:00,0,0,0,0,0.0,0,,0,,,,F2,2.7,33,,,,,0,,,0,,,40.63,-96.93,40.58,-96.92,,,PUB,19520626,1952-06-26 20:00:00,19520626,1952-06-26 20:00:00,Low,0.0,Low
195207,12,1600,195207,12,1600,,10073803,NEBRASKA,31,1952,July,Tornado,C,49,DEUEL,,12-JUL-52 16:00:00,CST,12-JUL-52 16:00:00,0,0,0,0,0.0,0,,0,,,,F1,27.6,33,,,,,0,,,0,,,41.17,-103.0,40.92,-102.58,,,PUB,19520712,1952-07-12 16:00:00,19520712,1952-07-12 16:00:00,Low,0.0,Low
195208,13,1730,195208,13,1730,,10073804,NEBRASKA,31,1952,August,Tornado,C,37,COLFAX,,13-AUG-52 17:30:00,CST,13-AUG-52 17:30:00,0,0,0,0,0.0,0,,0,,,,F3,3.3,1300,,,,,0,,,0,,,41.47,-97.28,41.43,-97.22,,,PUB,19520813,1952-08-13 17:03:00,19520813,1952-08-13 17:03:00,Low,0.0,Low
195208,13,1745,195208,13,1745,,10073805,NEBRASKA,31,1952,August,Tornado,C,23,BUTLER,,13-AUG-52 17:45:00,CST,13-AUG-52 17:45:00,1,0,0,0,0.0,0,,0,,,,F3,41.1,1300,,,,,0,,,0,,,41.35,-97.17,41.25,-96.38,,,PUB,19520813,1952-08-13 17:04:05,19520813,1952-08-13 17:04:05,Low,0.0,Low
195208,13,1900,195208,13,1900,,10073806,NEBRASKA,31,1952,August,Tornado,C,155,SAUNDERS,,13-AUG-52 19:00:00,CST,13-AUG-52 19:00:00,20,0,0,0,250000.0,0,,0,,,,F4,19.4,110,,,,,0,,,0,,,41.22,-96.58,41.02,-96.32,,,PUB,19520813,1952-08-13 19:00:00,19520813,1952-08-13 19:00:00,Low,0.0,High
195204,29,1600,195204,29,1600,,10073797,NEBRASKA,31,1952,April,Tornado,C,65,FURNAS,,29-APR-52 16:00:00,CST,29-APR-52 16:00:00,0,0,0,0,0.0,0,,0,,,,F1,1.0,20,,,,,0,,,0,,,40.15,-99.8,,,,,PUB,19520429,1952-04-29 16:00:00,19520429,1952-04-29 16:00:00,Low,0.0,Low
195205,8,1600,195205,8,1600,,10073798,NEBRASKA,31,1952,May,Tornado,C,33,CHEYENNE,,08-MAY-52 16:00:00,CST,08-MAY-52 16:00:00,0,0,0,0,0.0,0,,0,,,,F1,0.0,33,,,,,0,,,0,,,41.18,-103.33,,,,,PUB,19520508,1952-05-08 16:00:00,19520508,1952-05-08 16:00:00,Low,0.0,Low
195205,13,2100,195205,13,2100,,10073799,NEBRASKA,31,1952,May,Tornado,C,33,CHEYENNE,,13-MAY-52 21:00:00,CST,13-MAY-52 21:00:00,0,0,0,0,0.0,0,,0,,,,F1,0.0,33,,,,,0,,,0,,,41.42,-103.07,,,,,PUB,19520513,1952-05-13 21:00:00,19520513,1952-05-13 21:00:00,Low,0.0,Low
195205,26,1800,195205,26,1800,,10073800,NEBRASKA,31,1952,May,Tornado,C,33,CHEYENNE,,26-MAY-52 18:00:00,CST,26-MAY-52 18:00:00,0,0,0,0,0.0,0,,0,,,,F0,2.0,33,,,,,0,,,0,,,41.2,-103.03,,,,,PUB,19520526,1952-05-26 18:00:00,19520526,1952-05-26 18:00:00,Low,0.0,Low
195201,26,1530,195201,26,1530,,9983009,ARKANSAS,5,1952,January,Tornado,C,1,ARKANSAS,,26-JAN-52 15:30:00,CST,26-JAN-52 15:30:00,0,0,0,0,25000.0,0,,0,,,,F1,0.0,33,,,,,0,,,0,,,34.42,-91.4,,,,,PUB,19520126,1952-01-26 15:03:00,19520126,1952-01-26 15:03:00,Low,0.0,Moderate
195201,26,1600,195201,26,1600,,9983010,ARKANSAS,5,1952,January,Tornado,C,1,ARKANSAS,,26-JAN-52 16:00:00,CST,26-JAN-52 16:00:00,0,0,0,0,25000.0,0,,0,,,,F1,0.0,33,,,,,0,,,0,,,34.48,-91.55,,,,,PUB,19520126,1952-01-26 16:00:00,19520126,1952-01-26 16:00:00,Low,0.0,Moderate
195202,13,1630,195202,13,1630,,9983011,ARKANSAS,5,1952,February,Tornado,C,93,MISSISSIPPI,,13-FEB-52 16:30:00,CST,13-FEB-52 16:30:00,5,0,0,0,0.0,0,,0,,,,F2,0.3,33,,,,,0,,,0,,,35.95,-90.15,,,,,PUB,19520213,1952-02-13 16:03:00,19520213,1952-02-13 16:03:00,Low,0.0,Low
195203,3,545,195203,3,545,,9983012,ARKANSAS,5,1952,March,Tornado,C,83,LOGAN,,03-MAR-52 05:45:00,CST,03-MAR-52 05:45:00,0,0,0,0,250.0,0,,0,,,,F1,0.6,50,,,,,0,,,0,,,35.13,-93.93,,,,,PUB,19520303,1952-03-03 05:04:05,19520303,1952-03-03 05:04:05,Low,0.0,Low
195203,21,1440,195203,21,1440,,9983013,ARKANSAS,5,1952,March,Tornado,C,61,HOWARD,,21-MAR-52 14:40:00,CST,21-MAR-52 14:40:00,9,0,7,0,25000.0,0,,0,,,,F4,13.0,833,,,,,0,,,0,,,34.02,-94.02,34.22,-93.97,,,PUB,19520321,1952-03-21 14:04:00,19520321,1952-03-21 14:04:00,Low,0.0,Moderate
195203,21,1600,195203,21,1600,,9983014,ARKANSAS,5,1952,March,Tornado,C,125,SALINE,,21-MAR-52 16:00:00,CST,21-MAR-52 16:00:00,0,0,0,0,25000.0,0,,0,,,,F3,17.7,440,,,,,0,,,0,,,34.72,-92.82,34.78,-92.52,,,PUB,19520321,1952-03-21 16:00:00,19520321,1952-03-21 16:00:00,Low,0.0,Moderate
195203,21,1650,195203,21,1650,,9983015,ARKANSAS,5,1952,March,Tornado,C,145,WHITE,,21-MAR-52 16:50:00,CST,21-MAR-52 16:50:00,325,0,50,0,2500000.0,0,,0,,,,F4,14.6,1760,,,,,0,,,0,,,35.22,-91.7,35.37,-91.52,,,PUB,19520321,1952-03-21 16:05:00,19520321,1952-03-21 16:05:00,Low,0.0,Severe
195203,21,1700,195203,21,1700,,9983016,ARKANSAS,5,1952,March,Tornado,C,45,FAULKNER,,21-MAR-52 17:00:00,CST,21-MAR-52 17:00:00,6,0,0,0,25000.0,0,,0,,,,F2,0.0,33,,,,,0,,,0,,,34.95,-92.42,,,,,PUB,19520321,1952-03-21 17:00:00,19520321,1952-03-21 17:00:00,Low,0.0,Moderate
195203,21,1700,195203,21,1700,,9983017,ARKANSAS,5,1952,March,Tornado,C,85,LONOKE,,21-MAR-52 17:00:00,CST,21-MAR-52 17:00:00,9,0,9,0,250000.0,0,,0,,,,F3,16.2,33,,,,,0,,,0,,,34.53,-91.8,34.73,-91.65,,,PUB,19520321,1952-03-21 17:00:00,19520321,1952-03-21 17:00:00,Low,0.0,High
195203,21,1700,195203,21,1700,,9983018,ARKANSAS,5,1952,March,Tornado,C,85,LONOKE,,21-MAR-52 17:00:00,CST,21-MAR-52 17:00:00,6,0,2,0,250000.0,0,,0,,,,F4,7.6,33,,,,,0,,,0,,,34.9,-91.85,34.8,-91.8,,,PUB,19520321,1952-03-21 17:00:00,19520321,1952-03-21 17:00:00,Low,0.0,High
195203,21,1720,195203,21,1720,,9983019,ARKANSAS,5,1952,March,Tornado,C,117,PRAIRIE,,21-MAR-52 17:20:00,CST,21-MAR-52 17:20:00,5,0,1,0,2500.0,0,,0,,,,,0.0,417,,,,,0,,,0,,,34.72,-91.57,,,,,PUB,19520321,1952-03-21 17:02:00,19520321,1952-03-21 17:02:00,Low,0.0,Low
195203,21,1720,195203,21,1720,,9983020,ARKANSAS,5,1952,March,Tornado,C,117,PRAIRIE,,21-MAR-52 17:20:00,CST,21-MAR-52 17:20:00,15,0,5,0,250000.0,0,,0,,,,F2,13.3,417,,,,,0,,,0,,,34.8,-91.8,34.98,-91.73,,,PUB,19520321,1952-03-21 17:02:00,19520321,1952-03-21 17:02:00,Low,0.0,High
195207,16,1605,195207,16,1605,,9983035,ARKANSAS,5,1952,July,Tornado,C,91,MILLER,,16-JUL-52 16:05:00,CST,16-JUL-52 16:05:00,0,0,0,0,0.0,0,,0,,,,F2,1.1,50,,,,,0,,,0,,,33.45,-93.97,33.47,-93.97,,,PUB,19520716,1952-07-16 16:00:05,19520716,1952-07-16 16:00:05,Low,0.0,Low
195211,17,1630,195211,17,1630,,9983036,ARKANSAS,5,1952,November,Tornado,C,113,POLK,,17-NOV-52 16:30:00,CST,17-NOV-52 16:30:00,0,0,0,0,25000.0,0,,0,,,,F2,11.4,100,,,,,0,,,0,,,34.57,-94.4,34.7,-94.28,,,PUB,19521117,1952-11-17 16:03:00,19521117,1952-11-17 16:03:00,Low,0.0,Moderate
195212,20,1400,195212,20,1400,,9990146,CALIFORNIA,6,1952,December,Tornado,C,37,LOS ANGELES,,20-DEC-52 14:00:00,CST,20-DEC-52 14:00:00,0,0,0,0,0.0,0,,0,,,,,0.0,33,,,,,0,,,0,,,34.4,-118.53,,,,,PUB,19521220,1952-12-20 14:00:00,19521220,1952-12-20 14:00:00,Low,0.0,Low
195203,21,1730,195203,21,1730,,9983021,ARKANSAS,5,1952,March,Tornado,C,147,WOODRUFF,,21-MAR-52 17:30:00,CST,21-MAR-52 17:30:00,0,0,0,0,25000.0,0,,0,,,,F3,17.6,600,,,,,0,,,0,,,35.13,-91.45,35.27,-91.18,,,PUB,19520321,1952-03-21 17:03:00,19520321,1952-03-21 17:03:00,Low,0.0,Moderate
195203,21,1730,195203,21,1730,,9983022,ARKANSAS,5,1952,March,Tornado,C,147,WOODRUFF,,21-MAR-52 17:30:00,CST,21-MAR-52 17:30:00,180,0,29,0,2500000.0,0,,0,,,,F4,13.1,880,,,,,0,,,0,,,35.0,-91.25,35.13,-91.08,,,PUB,19520321,1952-03-21 17:03:00,19520321,1952-03-21 17:03:00,Low,0.0,Severe
195203,21,1740,195203,21,1740,,9983023,ARKANSAS,5,1952,March,Tornado,C,67,JACKSON,,21-MAR-52 17:40:00,CST,21-MAR-52 17:40:00,6,0,0,0,2500.0,0,,0,,,,F3,9.6,440,,,,,0,,,0,,,35.47,-91.2,35.53,-91.05,,,PUB,19520321,1952-03-21 17:04:00,19520321,1952-03-21 17:04:00,Low,0.0,Low
195203,21,1745,195203,21,1745,,9983024,ARKANSAS,5,1952,March,Tornado,C,111,POINSETT,,21-MAR-52 17:45:00,CST,21-MAR-52 17:45:00,0,0,0,0,2500.0,0,,0,,,,F3,18.9,440,,,,,0,,,0,,,35.53,-91.05,35.8,-90.97,,,PUB,19520321,1952-03-21 17:04:05,19520321,1952-03-21 17:04:05,Low,0.0,Low
195203,21,1800,195203,21,1800,,9983025,ARKANSAS,5,1952,March,Tornado,C,37,CROSS,,21-MAR-52 18:00:00,CST,21-MAR-52 18:00:00,5,0,4,0,250000.0,0,,0,,,,F4,0.0,880,,,,,0,,,0,,,35.42,-91.0,,,,,PUB,19520321,1952-03-21 18:00:00,19520321,1952-03-21 18:00:00,Low,0.0,High
195203,21,1845,195203,21,1845,,9983026,ARKANSAS,5,1952,March,Tornado,C,111,POINSETT,,21-MAR-52 18:45:00,CST,21-MAR-52 18:45:00,39,0,2,0,250000.0,0,,0,,,,F3,12.1,417,,,,,0,,,0,,,35.6,-90.72,35.67,-90.52,,,PUB,19520321,1952-03-21 18:04:05,19520321,1952-03-21 18:04:05,Low,0.0,High
195203,21,1845,195203,21,1845,,9983027,ARKANSAS,5,1952,March,Tornado,C,111,POINSETT,,21-MAR-52 18:45:00,CST,21-MAR-52 18:45:00,5,0,1,0,250000.0,0,,0,,,,F3,9.4,200,,,,,0,,,0,,,35.53,-90.42,35.62,-90.28,,,PUB,19520321,1952-03-21 18:04:05,19520321,1952-03-21 18:04:05,Low,0.0,High
195203,21,1900,195203,21,1900,,9983028,ARKANSAS,5,1952,March,Tornado,C,93,MISSISSIPPI,,21-MAR-52 19:00:00,CST,21-MAR-52 19:00:00,57,0,1,0,250000.0,0,,0,,,,F3,39.7,880,,,,,0,,,0,,,35.67,-90.52,35.95,-89.9,,,PUB,19520321,1952-03-21 19:00:00,19520321,1952-03-21 19:00:00,Low,0.0,High
195203,21,1900,195203,21,1900,,9983029,ARKANSAS,5,1952,March,Tornado,C,93,MISSISSIPPI,,21-MAR-52 19:00:00,CST,21-MAR-52 19:00:00,57,0,1,0,250000.0,0,,0,,,,F3,39.7,880,,,,,0,,,0,,,35.67,-90.52,35.95,-89.9,,,PUB,19520321,1952-03-21 19:00:00,19520321,1952-03-21 19:00:00,Low,0.0,High
195204,22,1830,195204,22,1830,,9983030,ARKANSAS,5,1952,April,Tornado,C,27,COLUMBIA,,22-APR-52 18:30:00,CST,22-APR-52 18:30:00,0,0,0,0,30.0,0,,0,,,,F1,0.3,150,,,,,0,,,0,,,33.32,-93.25,,,,,PUB,19520422,1952-04-22 18:03:00,19520422,1952-04-22 18:03:00,Low,0.0,Low
195201,28,530,195201,28,530,,9985769,FLORIDA,12,1952,January,Tornado,C,13,CALHOUN,,28-JAN-52 05:30:00,CST,28-JAN-52 05:30:00,3,0,0,0,25000.0,0,,0,,,,F1,0.5,17,,,,,0,,,0,,,30.47,-85.25,,,,,PUB,19520128,1952-01-28 05:03:00,19520128,1952-01-28 05:03:00,Low,0.0,Moderate
195201,28,645,195201,28,645,,9985770,FLORIDA,12,1952,January,Tornado,C,73,LEON,,28-JAN-52 06:45:00,CST,28-JAN-52 06:45:00,0,0,0,0,25000.0,0,,0,,,,F2,1.5,33,,,,,0,,,0,,,30.5,-84.23,,,,,PUB,19520128,1952-01-28 06:04:05,19520128,1952-01-28 06:04:05,Low,0.0,Moderate
195202,20,910,195202,20,910,,9985771,FLORIDA,12,1952,February,Tornado,C,5,BAY,,20-FEB-52 09:10:00,CST,20-FEB-52 09:10:00,4,0,0,0,25000.0,0,,0,,,,F2,1.5,73,,,,,0,,,0,,,30.17,-85.7,,,,,PUB,19520220,1952-02-20 09:01:00,19520220,1952-02-20 09:01:00,Low,0.0,Moderate
195204,22,1915,195204,22,1915,,9983031,ARKANSAS,5,1952,April,Tornado,C,63,INDEPENDENCE,,22-APR-52 19:15:00,CST,22-APR-52 19:15:00,0,0,0,0,2500.0,0,,0,,,,F1,0.0,100,,,,,0,,,0,,,35.9,-91.63,,,,,PUB,19520422,1952-04-22 19:01:05,19520422,1952-04-22 19:01:05,Low,0.0,Low
195206,4,1535,195206,4,1535,,9983032,ARKANSAS,5,1952,June,Tornado,C,75,LAWRENCE,,04-JUN-52 15:35:00,CST,04-JUN-52 15:35:00,0,0,0,0,0.0,0,,0,,,,F2,0.0,33,,,,,0,,,0,,,36.12,-90.93,,,,,PUB,19520604,1952-06-04 15:03:05,19520604,1952-06-04 15:03:05,Low,0.0,Low
195206,18,1430,195206,18,1430,,9983033,ARKANSAS,5,1952,June,Tornado,C,119,PULASKI,,18-JUN-52 14:30:00,CST,18-JUN-52 14:30:00,0,0,0,0,0.0,0,,0,,,,F0,0.0,33,,,,,0,,,0,,,34.7,-92.08,,,,,PUB,19520618,1952-06-18 14:03:00,19520618,1952-06-18 14:03:00,Low,0.0,Low
195207,16,1418,195207,16,1418,,9983034,ARKANSAS,5,1952,July,Tornado,C,91,MILLER,,16-JUL-52 14:18:00,CST,16-JUL-52 14:18:00,0,0,0,0,25000.0,0,,0,,,,F2,1.1,50,,,,,0,,,0,,,33.45,-93.97,33.47,-93.97,,,PUB,19520716,1952-07-16 14:01:08,19520716,1952-07-16 14:01:08,Low,0.0,Moderate
195202,13,1930,195202,13,1930,,10047285,MISSISSIPPI,28,1952,February,Tornado,C,99,NESHOBA,,13-FEB-52 19:30:00,CST,13-FEB-52 19:30:00,0,0,0,0,0.0,0,,0,,,,F0,0.0,33,,,,,0,,,0,,,32.77,-89.1,,,,,PUB,19520213,1952-02-13 19:03:00,19520213,1952-02-13 19:03:00,Low,0.0,Low
195204,5,45,195204,5,45,,10077703,NORTH CAROLINA,37,1952,April,Tornado,C,183,WAKE,,05-APR-52 00:45:00,CST,05-APR-52 00:45:00,0,0,0,0,25000.0,0,,0,,,,F2,6.9,300,,,,,0,,,0,,,35.8,-78.88,35.9,-78.88,,,PUB,19520405,,19520405,,Low,,Moderate
195205,10,1100,195205,10,1100,,10077704,NORTH CAROLINA,37,1952,May,Tornado,C,15,BERTIE,,10-MAY-52 11:00:00,CST,10-MAY-52 11:00:00,6,0,0,0,0.0,0,,0,,,,F2,0.0,33,,,,,0,,,0,,,36.1,-77.25,,,,,PUB,19520510,1952-05-10 11:00:00,19520510,1952-05-10 11:00:00,Low,0.0,Low
195205,20,1100,195205,20,1100,,10077705,NORTH CAROLINA,37,1952,May,Tornado,C,95,HYDE,,20-MAY-52 11:00:00,CST,20-MAY-52 11:00:00,2,0,0,0,0.0,0,,0,,,,F2,1.5,33,,,,,0,,,0,,,35.47,-76.38,,,,,PUB,19520520,1952-05-20 11:00:00,19520520,1952-05-20 11:00:00,Low,0.0,Low
195207,23,1100,195207,23,1100,,10077706,NORTH CAROLINA,37,1952,July,Tornado,C,83,HALIFAX,,23-JUL-52 11:00:00,CST,23-JUL-52 11:00:00,0,0,0,0,25000.0,0,,0,,,,F2,0.0,33,,,,,0,,,0,,,36.25,-77.75,,,,,PUB,19520723,1952-07-23 11:00:00,19520723,1952-07-23 11:00:00,Low,0.0,Moderate
195208,31,1100,195208,31,1100,,10077707,NORTH CAROLINA,37,1952,August,Tornado,C,169,STOKES,,31-AUG-52 11:00:00,CST,31-AUG-52 11:00:00,0,0,0,0,25000.0,0,,0,,,,F1,0.0,33,,,,,0,,,0,,,36.25,-80.17,,,,,PUB,19520831,1952-08-31 11:00:00,19520831,1952-08-31 11:00:00,Low,0.0,Moderate
195205,22,1900,195205,22,1900,,10063634,MISSOURI,29,1952,May,Tornado,C,95,JACKSON,,22-MAY-52 19:00:00,CST,22-MAY-52 19:00:00,1,0,0,0,250000.0,0,,0,,,,F2,1.3,440,,,,,0,,,0,,,38.9,-94.27,38.93,-94.23,,,PUB,19520522,1952-05-22 19:00:00,19520522,1952-05-22 19:00:00,Low,0.0,High
195207,17,1615,195207,17,1615,,10063635,MISSOURI,29,1952,July,Tornado,C,139,MONTGOMERY,,17-JUL-52 16:15:00,CST,17-JUL-52 16:15:00,0,0,0,0,25000.0,0,,0,,,,F1,0.2,10,,,,,0,,,0,,,38.97,-91.5,,,,,PUB,19520717,1952-07-17 16:01:05,19520717,1952-07-17 16:01:05,Low,0.0,Moderate
195208,21,20,195208,21,20,,10063636,MISSOURI,29,1952,August,Tornado,C,159,PETTIS,,21-AUG-52 00:20:00,CST,21-AUG-52 00:20:00,13,0,1,0,25000000.0,0,,0,,,,F2,1.3,300,,,,,0,,,0,,,38.68,-93.27,38.7,-93.23,,,PUB,19520821,,19520821,,Low,,Severe
195211,16,1600,195211,16,1600,,10063637,MISSOURI,29,1952,November,Tornado,C,147,NODAWAY,,16-NOV-52 16:00:00,CST,16-NOV-52 16:00:00,2,0,0,0,25000.0,0,,0,,,,F3,21.6,600,,,,,0,,,0,,,40.45,-95.07,40.57,-94.68,,,PUB,19521116,1952-11-16 16:00:00,19521116,1952-11-16 16:00:00,Low,0.0,Moderate
195203,3,1310,195203,3,1310,,9979436,ALABAMA,1,1952,March,Tornado,C,107,PICKENS,,03-MAR-52 13:10:00,CST,03-MAR-52 13:10:00,6,0,0,0,25000.0,0,,0,,,,F3,3.3,440,,,,,0,,,0,,,33.33,-87.9,33.37,-87.87,,,PUB,19520303,1952-03-03 13:01:00,19520303,1952-03-03 13:01:00,Low,0.0,Moderate
195203,22,1500,195203,22,1500,,9979437,ALABAMA,1,1952,March,Tornado,C,103,MORGAN,,22-MAR-52 15:00:00,CST,22-MAR-52 15:00:00,50,0,4,0,25000.0,0,,0,,,,F4,21.6,100,,,,,0,,,0,,,34.6,-87.0,34.68,-86.63,,,PUB,19520322,1952-03-22 15:00:00,19520322,1952-03-22 15:00:00,Low,0.0,Moderate
195204,4,620,195204,4,620,,9979438,ALABAMA,1,1952,April,Tornado,C,97,MOBILE,,04-APR-52 06:20:00,CST,04-APR-52 06:20:00,2,0,0,0,25000.0,0,,0,,,,F1,0.2,200,,,,,0,,,0,,,30.7,-88.28,,,,,PUB,19520404,1952-04-04 06:02:00,19520404,1952-04-04 06:02:00,Low,0.0,Moderate
195204,5,1500,195204,5,1500,,10038923,MARYLAND,24,1952,April,Tornado,C,11,CAROLINE,,05-APR-52 15:00:00,CST,05-APR-52 15:00:00,0,0,0,0,250.0,0,,0,,,,F0,0.3,33,,,,,0,,,0,,,39.12,-75.75,,,,,PUB,19520405,1952-04-05 15:00:00,19520405,1952-04-05 15:00:00,Low,0.0,Low
195208,31,2200,195208,31,2200,,10038924,MARYLAND,24,1952,August,Tornado,C,31,MONTGOMERY,,31-AUG-52 22:00:00,CST,31-AUG-52 22:00:00,0,0,0,0,25000.0,0,,0,,,,F1,0.0,70,,,,,0,,,0,,,39.02,-77.22,39.03,-77.23,,,PUB,19520831,1952-08-31 22:00:00,19520831,1952-08-31 22:00:00,Low,0.0,Moderate
195205,10,900,195205,10,900,,9979439,ALABAMA,1,1952,May,Tornado,C,57,FAYETTE,,10-MAY-52 09:00:00,CST,10-MAY-52 09:00:00,0,0,0,0,25000.0,0,,0,,,,F1,0.2,50,,,,,0,,,0,,,33.73,-87.75,,,,,PUB,19520510,1952-05-10 09:00:00,19520510,1952-05-10 09:00:00,Low,0.0,Moderate
195205,10,900,195205,10,900,,9979440,ALABAMA,1,1952,May,Tornado,C,57,FAYETTE,,10-MAY-52 09:00:00,CST,10-MAY-52 09:00:00,0,0,0,0,25000.0,0,,0,,,,F1,0.2,50,,,,,0,,,0,,,33.73,-87.75,,,,,PUB,19520510,1952-05-10 09:00:00,19520510,1952-05-10 09:00:00,Low,0.0,Moderate
195205,10,900,195205,10,900,,9979441,ALABAMA,1,1952,May,Tornado,C,57,FAYETTE,,10-MAY-52 09:00:00,CST,10-MAY-52 09:00:00,0,0,0,0,25000.0,0,,0,,,,F1,0.2,50,,,,,0,,,0,,,33.73,-87.75,,,,,PUB,19520510,1952-05-10 09:00:00,19520510,1952-05-10 09:00:00,Low,0.0,Moderate
195203,22,5,195203,22,5,,10035925,KENTUCKY,21,1952,March,Tornado,C,123,LARUE,,22-MAR-52 00:05:00,CST,22-MAR-52 00:05:00,18,0,0,0,250000.0,0,,0,,,,F3,2.7,33,,,,,0,,,0,,,37.53,-85.72,37.55,-85.67,,,PUB,19520322,,19520322,,Low,,High
195212,9,1500,195212,9,1500,,10035926,KENTUCKY,21,1952,December,Tornado,C,59,DAVIESS,,09-DEC-52 15:00:00,CST,09-DEC-52 15:00:00,3,0,0,0,0.0,0,,0,,,,F3,25.2,880,,,,,0,,,0,,,37.68,-87.3,37.87,-86.9,,,PUB,19521209,1952-12-09 15:00:00,19521209,1952-12-09 15:00:00,Low,0.0,Low
195212,9,1530,195212,9,1530,,10035927,KENTUCKY,21,1952,December,Tornado,C,91,HANCOCK,,09-DEC-52 15:30:00,CST,09-DEC-52 15:30:00,0,0,0,0,0.0,0,,0,,,,F3,8.5,880,,,,,0,,,0,,,37.87,-86.9,37.93,-86.77,,,PUB,19521209,1952-12-09 15:03:00,19521209,1952-12-09 15:03:00,Low,0.0,Low
195201,22,900,195201,22,900,,9979429,ALABAMA,1,1952,January,Tornado,C,123,TALLAPOOSA,,22-JAN-52 09:00:00,CST,22-JAN-52 09:00:00,0,0,0,0,2500.0,0,,0,,,,F1,0.0,33,,,,,0,,,0,,,32.92,-85.97,,,,,PUB,19520122,1952-01-22 09:00:00,19520122,1952-01-22 09:00:00,Low,0.0,Low
195202,13,2000,195202,13,2000,,9979430,ALABAMA,1,1952,February,Tornado,C,125,TUSCALOOSA,,13-FEB-52 20:00:00,CST,13-FEB-52 20:00:00,14,0,1,0,25000.0,0,,0,,,,F3,3.3,100,,,,,0,,,0,,,33.57,-87.67,33.6,-87.63,,,PUB,19520213,1952-02-13 20:00:00,19520213,1952-02-13 20:00:00,Low,0.0,Moderate
195202,13,2000,195202,13,2000,,9979431,ALABAMA,1,1952,February,Tornado,C,57,FAYETTE,,13-FEB-52 20:00:00,CST,13-FEB-52 20:00:00,0,0,0,0,25000.0,0,,0,,,,F3,2.3,100,,,,,0,,,0,,,33.6,-87.63,33.62,-87.62,,,PUB,19520213,1952-02-13 20:00:00,19520213,1952-02-13 20:00:00,Low,0.0,Moderate
195202,13,2030,195202,13,2030,,9979432,ALABAMA,1,1952,February,Tornado,C,43,CULLMAN,,13-FEB-52 20:30:00,CST,13-FEB-52 20:30:00,3,0,0,0,2500000.0,0,,0,,,,F1,1.3,400,,,,,0,,,0,,,34.02,-86.75,34.03,-86.73,,,PUB,19520213,1952-02-13 20:03:00,19520213,1952-02-13 20:03:00,Low,0.0,Severe
195202,13,2030,195202,13,2030,,9979433,ALABAMA,1,1952,February,Tornado,C,9,BLOUNT,,13-FEB-52 20:30:00,CST,13-FEB-52 20:30:00,3,0,0,0,2500000.0,0,,0,,,,F1,4.7,400,,,,,0,,,0,,,34.03,-86.73,34.07,-86.67,,,PUB,19520213,1952-02-13 20:03:00,19520213,1952-02-13 20:03:00,Low,0.0,Severe
195202,13,2130,195202,13,2130,,9979434,ALABAMA,1,1952,February,Tornado,C,73,JEFFERSON,,13-FEB-52 21:30:00,CST,13-FEB-52 21:30:00,26,0,1,0,250000.0,0,,0,,,,F3,0.0,200,,,,,0,,,0,,,33.6,-86.93,,,,,PUB,19520213,1952-02-13 21:03:00,19520213,1952-02-13 21:03:00,Low,0.0,High
195202,29,1700,195202,29,1700,,9979435,ALABAMA,1,1952,February,Tornado,C,49,DEKALB,,29-FEB-52 17:00:00,CST,29-FEB-52 17:00:00,12,0,0,0,0.0,0,,0,,,,F3,3.3,400,,,,,0,,,0,,,34.5,-85.7,34.53,-85.67,,,PUB,19520229,1952-02-29 17:00:00,19520229,1952-02-29 17:00:00,Low,0.0,Low
195204,5,1200,195204,5,1200,,10038921,MARYLAND,24,1952,April,Tornado,C,21,FREDERICK,,05-APR-52 12:00:00,CST,05-APR-52 12:00:00,0,0,0,0,25000.0,0,,0,,,,F1,1.0,50,,,,,0,,,0,,,39.45,-77.55,,,,,PUB,19520405,1952-04-05 12:00:00,19520405,1952-04-05 12:00:00,Low,0.0,Moderate
195204,5,1400,195204,5,1400,,10038922,MARYLAND,24,1952,April,Tornado,C,21,FREDERICK,,05-APR-52 14:00:00,CST,05-APR-52 14:00:00,1,0,0,0,25000.0,0,,0,,,,F1,1.0,50,,,,,0,,,0,,,39.63,-77.42,,,,,PUB,19520405,1952-04-05 14:00:00,19520405,1952-04-05 14:00:00,Low,0.0,Moderate
195206,23,2030,195206,23,2030,,10052057,MINNESOTA,27,1952,June,Tornado,C,33,COTTONWOOD,,23-JUN-52 20:30:00,CST,23-JUN-52 20:30:00,0,0,0,0,2500000.0,0,,0,,,,F2,12.5,220,,,,,0,,,0,,,44.0,-95.28,44.12,-95.08,,,PUB,19520623,1952-06-23 20:03:00,19520623,1952-06-23 20:03:00,Low,0.0,Severe
195206,23,2050,195206,23,2050,,10052058,MINNESOTA,27,1952,June,Tornado,C,15,BROWN,,23-JUN-52 20:50:00,CST,23-JUN-52 20:50:00,5,0,0,0,2500000.0,0,,0,,,,F2,30.7,220,,,,,0,,,0,,,44.12,-95.08,44.38,-94.58,,,PUB,19520623,1952-06-23 20:05:00,19520623,1952-06-23 20:05:00,Low,0.0,Severe
195206,23,2200,195206,23,2200,,10052059,MINNESOTA,27,1952,June,Tornado,C,103,NICOLLET,,23-JUN-52 22:00:00,CST,23-JUN-52 22:00:00,0,0,0,0,2500000.0,0,,0,,,,F2,61.6,220,,,,,0,,,0,,,44.38,-94.58,44.83,-93.5,,,PUB,19520623,1952-06-23 22:00:00,19520623,1952-06-23 22:00:00,Low,0.0,Severe
195206,23,2330,195206,23,2330,,10052060,MINNESOTA,27,1952,June,Tornado,C,53,HENNEPIN,,23-JUN-52 23:30:00,CST,23-JUN-52 23:30:00,5,0,0,0,2500000.0,0,,0,,,,F2,0.0,220,,,,,0,,,0,,,44.83,-93.5,44.85,-93.47,,,PUB,19520623,1952-06-23 23:03:00,19520623,1952-06-23 23:03:00,Low,0.0,Severe
195206,24,1830,195206,24,1830,,10052061,MINNESOTA,27,1952,June,Tornado,C,79,LE SUEUR,,24-JUN-52 18:30:00,CST,24-JUN-52 18:30:00,6,0,0,0,2500000.0,0,,0,,,,F2,65.8,267,,,,,0,,,0,,,44.33,-93.85,45.12,-93.08,,,PUB,19520624,1952-06-24 18:03:00,19520624,1952-06-24 18:03:00,Low,0.0,Severe
195206,24,2000,195206,24,2000,,10052062,MINNESOTA,27,1952,June,Tornado,C,3,ANOKA,,24-JUN-52 20:00:00,CST,24-JUN-52 20:00:00,9,0,0,0,2500000.0,0,,0,,,,F2,5.1,267,,,,,0,,,0,,,45.12,-93.08,45.2,-93.07,,,PUB,19520624,1952-06-24 20:00:00,19520624,1952-06-24 20:00:00,Low,0.0,Severe
195207,2,1600,195207,2,1600,,10052063,MINNESOTA,27,1952,July,Tornado,C,51,GRANT,,02-JUL-52 16:00:00,CST,02-JUL-52 16:00:00,0,0,0,0,25000.0,0,,0,,,,F1,4.1,217,,,,,0,,,0,,,45.87,-96.18,45.82,-96.12,,,PUB,19520702,1952-07-02 16:00:00,19520702,1952-07-02 16:00:00,Low,0.0,Moderate
195207,16,1900,195207,16,1900,,10052064,MINNESOTA,27,1952,July,Tornado,C,1,AITKIN,,16-JUL-52 19:00:00,CST,16-JUL-52 19:00:00,0,0,0,0,25000.0,0,,0,,,,F2,9.4,333,,,,,0,,,0,,,46.72,-96.53,46.83,-96.42,,,PUB,19520716,1952-07-16 19:00:00,19520716,1952-07-16 19:00:00,Low,0.0,Moderate
195207,27,1825,195207,27,1825,,10052065,MINNESOTA,27,1952,July,Tornado,C,47,FREEBORN,,27-JUL-52 18:25:00,CST,27-JUL-52 18:25:00,4,0,0,0,25000.0,0,,0,,,,F2,1.5,133,,,,,0,,,0,,,43.72,-93.48,,,,,PUB,19520727,1952-07-27 18:02:05,19520727,1952-07-27 18:02:05,Low,0.0,Moderate
195208,27,1525,195208,27,1525,,10052066,MINNESOTA,27,1952,August,Tornado,C,149,STEVENS,,27-AUG-52 15:25:00,CST,27-AUG-52 15:25:00,0,0,0,0,25000.0,0,,0,,,,F1,13.3,33,,,,,0,,,0,,,45.58,-96.22,45.58,-95.93,,,PUB,19520827,1952-08-27 15:02:05,19520827,1952-08-27 15:02:05,Low,0.0,Moderate
195203,18,1725,195203,18,1725,,10063629,MISSOURI,29,1952,March,Tornado,C,187,ST. FRANCOIS,,18-MAR-52 17:25:00,CST,18-MAR-52 17:25:00,1,0,0,0,25000.0,0,,0,,,,F2,8.5,100,,,,,0,,,0,,,37.75,-90.5,37.78,-90.35,,,PUB,19520318,1952-03-18 17:02:05,19520318,1952-03-18 17:02:05,Low,0.0,Moderate
195203,18,1735,195203,18,1735,,10063630,MISSOURI,29,1952,March,Tornado,C,186,STE. GENEVIEVE,,18-MAR-52 17:35:00,CST,18-MAR-52 17:35:00,0,0,0,0,25000.0,0,,0,,,,F2,9.9,100,,,,,0,,,0,,,37.78,-90.35,37.88,-90.22,,,PUB,19520318,1952-03-18 17:03:05,19520318,1952-03-18 17:03:05,Low,0.0,Moderate
195203,21,2000,195203,21,2000,,10063632,MISSOURI,29,1952,March,Tornado,C,155,PEMISCOT,,21-MAR-52 20:00:00,CST,21-MAR-52 20:00:00,100,0,17,0,2500000.0,0,,0,,,,F4,6.5,880,,,,,0,,,0,,,36.05,-89.82,36.07,-89.7,,,PUB,19520321,1952-03-21 20:00:00,19520321,1952-03-21 20:00:00,Low,0.0,Severe
195205,7,1600,195205,7,1600,,10063633,MISSOURI,29,1952,May,Tornado,C,75,GENTRY,,07-MAY-52 16:00:00,CST,07-MAY-52 16:00:00,0,0,0,0,250.0,0,,0,,,,F1,1.5,400,,,,,0,,,0,,,40.1,-94.53,,,,,PUB,19520507,1952-05-07 16:00:00,19520507,1952-05-07 16:00:00,Low,0.0,Low
195202,13,1710,195202,13,1710,,10063627,MISSOURI,29,1952,February,Tornado,C,155,PEMISCOT,,13-FEB-52 17:10:00,CST,13-FEB-52 17:10:00,0,0,0,0,2500.0,0,,0,,,,F2,4.5,100,,,,,0,,,0,,,36.07,-89.93,36.12,-89.88,,,PUB,19520213,1952-02-13 17:01:00,19520213,1952-02-13 17:01:00,Low,0.0,Low
195202,13,1720,195202,13,1720,,10063628,MISSOURI,29,1952,February,Tornado,C,155,PEMISCOT,,13-FEB-52 17:20:00,CST,13-FEB-52 17:20:00,0,0,0,0,0.0,0,,0,,,,F2,2.3,100,,,,,0,,,0,,,36.12,-89.88,36.15,-89.87,,,PUB,19520213,1952-02-13 17:02:00,19520213,1952-02-13 17:02:00,Low,0.0,Low
195205,23,1300,195205,23,1300,,10017018,IOWA,19,1952,May,Tornado,C,23,BUTLER,,23-MAY-52 13:00:00,CST,23-MAY-52 13:00:00,0,0,0,0,0.0,0,,0,,,,F2,0.0,17,,,,,0,,,0,,,42.75,-92.97,,,,,PUB,19520523,1952-05-23 13:00:00,19520523,1952-05-23 13:00:00,Low,0.0,Low
195205,23,1500,195205,23,1500,,10017019,IOWA,19,1952,May,Tornado,C,195,WORTH,,23-MAY-52 15:00:00,CST,23-MAY-52 15:00:00,0,0,0,0,0.0,0,,0,,,,F1,0.0,33,,,,,0,,,0,,,43.33,-93.08,,,,,PUB,19520523,1952-05-23 15:00:00,19520523,1952-05-23 15:00:00,Low,0.0,Low
195206,2,1830,195206,2,1830,,10017020,IOWA,19,1952,June,Tornado,C,75,GRUNDY,,02-JUN-52 18:30:00,CST,02-JUN-52 18:30:00,2,0,1,0,200000.0,0,,0,,,,F2,2.3,100,,,,,0,,,0,,,,,,,,,PUB,19520602,1952-06-02 18:03:00,19520602,1952-06-02 18:03:00,Low,0.0,High
195206,23,1830,195206,23,1830,,10017021,IOWA,19,1952,June,Tornado,C,35,CHEROKEE,,23-JUN-52 18:30:00,CST,23-JUN-52 18:30:00,4,0,0,0,2500000.0,0,,0,,,,F4,24.1,400,,,,,0,,,0,,,42.75,-95.85,42.9,-95.42,,,PUB,19520623,1952-06-23 18:03:00,19520623,1952-06-23 18:03:00,Low,0.0,Severe
195207,2,1750,195207,2,1750,,10017022,IOWA,19,1952,July,Tornado,C,119,LYON,,02-JUL-52 17:50:00,CST,02-JUL-52 17:50:00,0,0,0,0,0.0,0,,0,,,,F1,0.0,33,,,,,0,,,0,,,43.4,-96.1,,,,,PUB,19520702,1952-07-02 17:05:00,19520702,1952-07-02 17:05:00,Low,0.0,Low
195211,17,1320,195211,17,1320,,10017023,IOWA,19,1952,November,Tornado,C,139,MUSCATINE,,17-NOV-52 13:20:00,CST,17-NOV-52 13:20:00,0,0,0,0,0.0,0,,0,,,,F0,0.0,50,,,,,0,,,0,,,41.55,-91.08,,,,,PUB,19521117,1952-11-17 13:02:00,19521117,1952-11-17 13:02:00,Low,0.0,Low
195206,23,1855,195206,23,1855,,10110749,SOUTH DAKOTA,46,1952,June,Tornado,C,111,SANBORN,,23-JUN-52 18:55:00,CST,23-JUN-52 18:55:00,0,0,0,0,30.0,0,,0,,,,F0,2.0,43,,,,,0,,,0,,,44.02,-98.1,,,,,PUB,19520623,1952-06-23 18:05:05,19520623,1952-06-23 18:05:05,Low,0.0,Low
195206,24,1000,195206,24,1000,,10110750,SOUTH DAKOTA,46,1952,June,Tornado,C,55,HAAKON,,24-JUN-52 10:00:00,CST,24-JUN-52 10:00:00,0,0,0,0,30.0,0,,0,,,,F0,0.0,33,,,,,0,,,0,,,44.18,-101.45,,,,,PUB,19520624,1952-06-24 10:00:00,19520624,1952-06-24 10:00:00,Low,0.0,Low
195206,27,2300,195206,27,2300,,10110751,SOUTH DAKOTA,46,1952,June,Tornado,C,49,FAULK,,27-JUN-52 23:00:00,CST,27-JUN-52 23:00:00,0,0,0,0,25000.0,0,,0,,,,,0.0,33,,,,,0,,,0,,,45.2,-99.4,,,,,PUB,19520627,1952-06-27 23:00:00,19520627,1952-06-27 23:00:00,Low,0.0,Moderate
195206,28,1910,195206,28,1910,,10110752,SOUTH DAKOTA,46,1952,June,Tornado,C,53,GREGORY,,28-JUN-52 19:10:00,CST,28-JUN-52 19:10:00,0,0,0,0,0.0,0,,0,,,,F0,1.0,100,,,,,0,,,0,,,43.45,-99.08,,,,,PUB,19520628,1952-06-28 19:01:00,19520628,1952-06-28 19:01:00,Low,0.0,Low
195206,28,2210,195206,28,2210,,10110753,SOUTH DAKOTA,46,1952,June,Tornado,C,67,HUTCHINSON,,28-JUN-52 22:10:00,CST,28-JUN-52 22:10:00,0,0,0,0,25000.0,0,,0,,,,F1,0.0,33,,,,,0,,,0,,,43.23,-97.58,,,,,PUB,19520628,1952-06-28 22:01:00,19520628,1952-06-28 22:01:00,Low,0.0,Moderate
195204,13,1310,195204,13,1310,,10086814,OHIO,39,1952,April,Tornado,C,157,TUSCARAWAS,,13-APR-52 13:10:00,CST,13-APR-52 13:10:00,4,0,0,0,250000.0,0,,0,,,,F1,0.0,33,,,,,0,,,0,,,40.53,-81.5,,,,,PUB,19520413,1952-04-13 13:01:00,19520413,1952-04-13 13:01:00,Low,0.0,High
195207,13,1300,195207,13,1300,,10098429,OKLAHOMA,40,1952,July,Tornado,C,73,KINGFISHER,,13-JUL-52 13:00:00,CST,13-JUL-52 13:00:00,0,0,0,0,250.0,0,,0,,,,F1,1.0,10,,,,,0,,,0,,,35.93,-97.73,,,,,PUB,19520713,1952-07-13 13:00:00,19520713,1952-07-13 13:00:00,Low,0.0,Low
195205,9,1845,195205,9,1845,,10004036,INDIANA,18,1952,May,Tornado,C,97,MARION,,09-MAY-52 18:45:00,CST,09-MAY-52 18:45:00,0,0,0,0,250000.0,0,,0,,,,F1,15.6,13,,,,,0,,,0,,,39.8,-86.07,39.87,-85.78,,,PUB,19520509,1952-05-09 18:04:05,19520509,1952-05-09 18:04:05,Low,0.0,High
195212,9,1550,195212,9,1550,,10004037,INDIANA,18,1952,December,Tornado,C,123,PERRY,,09-DEC-52 15:50:00,CST,09-DEC-52 15:50:00,0,0,0,0,250000.0,0,,0,,,,F3,1.3,33,,,,,0,,,0,,,37.93,-86.77,37.95,-86.73,,,PUB,19521209,1952-12-09 15:05:00,19521209,1952-12-09 15:05:00,Low,0.0,High
195205,8,1430,195205,8,1430,,9991336,COLORADO,8,1952,May,Tornado,C,63,KIT CARSON,,08-MAY-52 14:30:00,CST,08-MAY-52 14:30:00,1,0,0,0,25000.0,0,,0,,,,F2,2.5,200,,,,,0,,,0,,,39.48,-102.6,,,,,PUB,19520508,1952-05-08 14:03:00,19520508,1952-05-08 14:03:00,Low,0.0,Moderate
195205,15,1515,195205,15,1515,,9991337,COLORADO,8,1952,May,Tornado,C,123,WELD,,15-MAY-52 15:15:00,CST,15-MAY-52 15:15:00,5,0,0,0,25000.0,0,,0,,,,F3,7.4,150,,,,,0,,,0,,,40.33,-104.57,40.25,-104.47,,,PUB,19520515,1952-05-15 15:01:05,19520515,1952-05-15 15:01:05,Low,0.0,Moderate
195206,26,1730,195206,26,1730,,9991338,COLORADO,8,1952,June,Tornado,C,121,WASHINGTON,,26-JUN-52 17:30:00,CST,26-JUN-52 17:30:00,0,0,0,0,250000.0,0,,0,,,,F2,7.0,33,,,,,0,,,0,,,40.0,-103.6,,,,,PUB,19520626,1952-06-26 17:03:00,19520626,1952-06-26 17:03:00,Low,0.0,High
195205,10,1400,195205,10,1400,,10117455,SOUTH CAROLINA,45,1952,May,Tornado,C,45,GREENVILLE,,10-MAY-52 14:00:00,CST,10-MAY-52 14:00:00,0,0,0,0,30.0,0,,0,,,,F3,6.6,83,,,,,0,,,0,,,34.8,-82.25,34.8,-82.13,,,PUB,19520510,1952-05-10 14:00:00,19520510,1952-05-10 14:00:00,Low,0.0,Low
195205,10,1415,195205,10,1415,,10117456,SOUTH CAROLINA,45,1952,May,Tornado,C,83,SPARTANBURG,,10-MAY-52 14:15:00,CST,10-MAY-52 14:15:00,4,0,2,0,30.0,0,,0,,,,F3,16.1,83,,,,,0,,,0,,,34.8,-82.13,34.8,-81.85,,,PUB,19520510,1952-05-10 14:01:05,19520510,1952-05-10 14:01:05,Low,0.0,Low
195206,12,1900,195206,12,1900,,10117457,SOUTH CAROLINA,45,1952,June,Tornado,C,11,BARNWELL,,12-JUN-52 19:00:00,CST,12-JUN-52 19:00:00,0,0,0,0,250000.0,0,,0,,,,F1,2.0,167,,,,,0,,,0,,,33.42,-81.42,,,,,PUB,19520612,1952-06-12 19:00:00,19520612,1952-06-12 19:00:00,Low,0.0,High
195206,5,1230,195206,5,1230,,10121792,TEXAS,48,1952,June,Tornado,C,181,GRAYSON,,05-JUN-52 12:30:00,CST,05-JUN-52 12:30:00,0,0,0,0,30.0,0,,0,,,,F1,13.8,33,,,,,0,,,0,,,33.65,-96.75,33.83,-96.65,,,PUB,19520605,1952-06-05 12:03:00,19520605,1952-06-05 12:03:00,Low,0.0,Low
195206,23,1630,195206,23,1630,,10052056,MINNESOTA,27,1952,June,Tornado,C,151,SWIFT,,23-JUN-52 16:30:00,CST,23-JUN-52 16:30:00,0,0,0,0,2500000.0,0,,0,,,,F2,8.4,220,,,,,0,,,0,,,45.3,-95.5,45.35,-95.33,,,PUB,19520623,1952-06-23 16:03:00,19520623,1952-06-23 16:03:00,Low,0.0,Severe
195211,17,1640,195211,17,1640,,9983037,ARKANSAS,5,1952,November,Tornado,C,127,SCOTT,,17-NOV-52 16:40:00,CST,17-NOV-52 16:40:00,2,0,0,0,25000.0,0,,0,,,,F2,27.8,100,,,,,0,,,0,,,34.7,-94.28,34.95,-93.9,,,PUB,19521117,1952-11-17 16:04:00,19521117,1952-11-17 16:04:00,Low,0.0,Moderate
195205,8,1230,195205,8,1230,,10162816,WYOMING,56,1952,May,Tornado,C,27,NIOBRARA,,08-MAY-52 12:30:00,CST,08-MAY-52 12:30:00,0,0,0,0,30.0,0,,0,,,,F1,2.0,100,,,,,0,,,0,,,42.93,-104.33,,,,,PUB,19520508,1952-05-08 12:03:00,19520508,1952-05-08 12:03:00,Low,0.0,Low
195211,19,2237,195211,19,2237,,10075517,NORTH CAROLINA,37,1952,November,Tornado,C,77,GRANVILLE,,19-NOV-52 22:37:00,CST,19-NOV-52 22:37:00,1,0,0,0,250000.0,0,,0,,,,F2,1.0,50,,,,,0,,,0,,,36.43,-78.72,,,,,PUB,19521119,1952-11-19 22:03:07,19521119,1952-11-19 22:03:07,Low,0.0,High
195208,31,2130,195208,31,2130,,10153066,VIRGINIA,51,1952,August,Tornado,C,59,FAIRFAX,,31-AUG-52 21:30:00,CST,31-AUG-52 21:30:00,0,0,0,0,25000.0,0,,0,,,,F1,2.0,100,,,,,0,,,0,,,38.78,-77.15,,,,,PUB,19520831,1952-08-31 21:03:00,19520831,1952-08-31 21:03:00,Low,0.0,Moderate
195206,23,2130,195206,23,2130,,10146814,WISCONSIN,55,1952,June,Tornado,C,95,POLK,,23-JUN-52 21:30:00,CST,23-JUN-52 21:30:00,6,0,2,0,2500000.0,0,,0,,,,F3,18.2,100,,,,,0,,,0,,,45.42,-92.63,45.58,-92.33,,,PUB,19520623,1952-06-23 21:03:00,19520623,1952-06-23 21:03:00,Low,0.0,Severe
195205,22,1745,195205,22,1745,,10025359,KANSAS,20,1952,May,Tornado,C,91,JOHNSON,,22-MAY-52 17:45:00,CST,22-MAY-52 17:45:00,1,0,0,0,250000.0,0,,0,,,,F4,10.9,440,,,,,0,,,0,,,39.03,-94.92,39.07,-94.72,,,PUB,19520522,1952-05-22 17:04:05,19520522,1952-05-22 17:04:05,Low,0.0,High
195206,19,1910,195206,19,1910,,10025360,KANSAS,20,1952,June,Tornado,C,191,SUMNER,,19-JUN-52 19:10:00,CST,19-JUN-52 19:10:00,0,0,0,0,25000.0,0,,0,,,,F2,3.3,60,,,,,0,,,0,,,37.18,-97.42,37.22,-97.37,,,PUB,19520619,1952-06-19 19:01:00,19520619,1952-06-19 19:01:00,Low,0.0,Moderate
195206,21,1900,195206,21,1900,,10025361,KANSAS,20,1952,June,Tornado,C,103,LEAVENWORTH,,21-JUN-52 19:00:00,CST,21-JUN-52 19:00:00,0,0,0,0,25000.0,0,,0,,,,F2,24.9,33,,,,,0,,,0,,,39.13,-95.15,39.13,-94.68,,,PUB,19520621,1952-06-21 19:00:00,19520621,1952-06-21 19:00:00,Low,0.0,Moderate
195206,26,1715,195206,26,1715,,10025362,KANSAS,20,1952,June,Tornado,C,147,PHILLIPS,,26-JUN-52 17:15:00,CST,26-JUN-52 17:15:00,0,0,0,0,25000.0,0,,0,,,,F2,12.0,33,,,,,0,,,0,,,39.68,-99.45,39.77,-99.25,,,PUB,19520626,1952-06-26 17:01:05,19520626,1952-06-26 17:01:05,Low,0.0,Moderate
195206,27,1430,195206,27,1430,,10025363,KANSAS,20,1952,June,Tornado,C,137,NORTON,,27-JUN-52 14:30:00,CST,27-JUN-52 14:30:00,0,0,0,0,2500.0,0,,0,,,,F2,1.9,100,,,,,0,,,0,,,39.75,-100.12,39.78,-100.08,,,PUB,19520627,1952-06-27 14:03:00,19520627,1952-06-27 14:03:00,Low,0.0,Low
195207,6,1500,195207,6,1500,,10025364,KANSAS,20,1952,July,Tornado,C,39,DECATUR,,06-JUL-52 15:00:00,CST,06-JUL-52 15:00:00,0,0,0,0,0.0,0,,0,,,,F1,11.9,33,,,,,0,,,0,,,39.83,-100.2,40.0,-100.13,,,PUB,19520706,1952-07-06 15:00:00,19520706,1952-07-06 15:00:00,Low,0.0,Low
195207,6,1630,195207,6,1630,,10025365,KANSAS,20,1952,July,Tornado,C,23,CHEYENNE,,06-JUL-52 16:30:00,CST,06-JUL-52 16:30:00,0,0,0,0,0.0,0,,0,,,,,0.0,33,,,,,0,,,0,,,39.73,-101.98,,,,,PUB,19520706,1952-07-06 16:03:00,19520706,1952-07-06 16:03:00,Low,0.0,Low
195207,6,1700,195207,6,1700,,10025366,KANSAS,20,1952,July,Tornado,C,181,SHERMAN,,06-JUL-52 17:00:00,CST,06-JUL-52 17:00:00,0,0,0,0,2500.0,0,,0,,,,F2,0.0,33,,,,,0,,,0,,,39.27,-101.85,,,,,PUB,19520706,1952-07-06 17:00:00,19520706,1952-07-06 17:00:00,Low,0.0,Low
195208,7,1800,195208,7,1800,,10025367,KANSAS,20,1952,August,Tornado,C,167,RUSSELL,,07-AUG-52 18:00:00,CST,07-AUG-52 18:00:00,0,0,0,0,0.0,0,,0,,,,F3,4.7,33,,,,,0,,,0,,,39.0,-98.52,39.05,-98.45,,,PUB,19520807,1952-08-07 18:00:00,19520807,1952-08-07 18:00:00,Low,0.0,Low
195208,7,2200,195208,7,2200,,10025368,KANSAS,20,1952,August,Tornado,C,47,EDWARDS,,07-AUG-52 22:00:00,CST,07-AUG-52 22:00:00,0,0,0,0,0.0,0,,0,,,,F1,0.0,33,,,,,0,,,0,,,37.93,-99.42,,,,,PUB,19520807,1952-08-07 22:00:00,19520807,1952-08-07 22:00:00,Low,0.0,Low
195208,14,2130,195208,14,2130,,10025369,KANSAS,20,1952,August,Tornado,C,41,DICKINSON,,14-AUG-52 21:30:00,CST,14-AUG-52 21:30:00,0,0,0,0,25000.0,0,,0,,,,F2,1.5,100,,,,,0,,,0,,,38.68,-97.02,,,,,PUB,19520814,1952-08-14 21:03:00,19520814,1952-08-14 21:03:00,Low,0.0,Moderate
195211,17,1,195211,17,1,,10025370,KANSAS,20,1952,November,Tornado,C,131,NEMAHA,,17-NOV-52 00:01:00,CST,17-NOV-52 00:01:00,0,0,0,0,0.0,0,,0,,,,F1,0.0,33,,,,,0,,,0,,,39.67,-95.87,,,,,PUB,19521117,,19521117,,Low,,Low
195201,22,700,195201,22,700,,10001437,GEORGIA,13,1952,January,Tornado,C,205,MITCHELL,,22-JAN-52 07:00:00,CST,22-JAN-52 07:00:00,0,0,0,0,250000.0,0,,0,,,,F2,1.9,350,,,,,0,,,0,,,31.27,-84.02,31.28,-84.0,,,PUB,19520122,1952-01-22 07:00:00,19520122,1952-01-22 07:00:00,Low,0.0,High
195201,22,705,195201,22,705,,10001438,GEORGIA,13,1952,January,Tornado,C,71,COLQUITT,,22-JAN-52 07:05:00,CST,22-JAN-52 07:05:00,8,0,0,0,250000.0,0,,0,,,,F2,6.8,350,,,,,0,,,0,,,31.28,-84.0,31.33,-83.9,,,PUB,19520122,1952-01-22 07:00:05,19520122,1952-01-22 07:00:05,Low,0.0,High
195201,28,340,195201,28,340,,10001439,GEORGIA,13,1952,January,Tornado,C,207,MONROE,,28-JAN-52 03:40:00,CST,28-JAN-52 03:40:00,0,0,0,0,25000.0,0,,0,,,,F1,3.8,400,,,,,0,,,0,,,33.03,-83.97,33.03,-83.9,,,PUB,19520128,1952-01-28 03:04:00,19520128,1952-01-28 03:04:00,Low,0.0,Moderate
195202,29,1600,195202,29,1600,,10126037,TENNESSEE,47,1952,February,Tornado,C,117,MARSHALL,,29-FEB-52 16:00:00,CST,29-FEB-52 16:00:00,166,0,3,0,25000.0,0,,0,,,,F1,0.1,100,,,,,0,,,0,,,35.42,-86.7,,,,,PUB,19520229,1952-02-29 16:00:00,19520229,1952-02-29 16:00:00,Low,0.0,Moderate
195202,29,1630,195202,29,1630,,10126038,TENNESSEE,47,1952,February,Tornado,C,103,LINCOLN,,29-FEB-52 16:30:00,CST,29-FEB-52 16:30:00,150,0,2,0,2500000.0,0,,0,,,,F4,2.0,300,,,,,0,,,0,,,35.15,-86.58,,,,,PUB,19520229,1952-02-29 16:03:00,19520229,1952-02-29 16:03:00,Low,0.0,Severe
195202,29,1640,195202,29,1640,,10126039,TENNESSEE,47,1952,February,Tornado,C,177,WARREN,,29-FEB-52 16:40:00,CST,29-FEB-52 16:40:00,0,0,0,0,25000.0,0,,0,,,,F2,1.0,400,,,,,0,,,0,,,35.53,-85.85,,,,,PUB,19520229,1952-02-29 16:04:00,19520229,1952-02-29 16:04:00,Low,0.0,Moderate
195202,29,1730,195202,29,1730,,10126040,TENNESSEE,47,1952,February,Tornado,C,107,MCMINN,,29-FEB-52 17:30:00,CST,29-FEB-52 17:30:00,0,0,0,0,250000.0,0,,0,,,,F2,15.3,587,,,,,0,,,0,,,35.3,-84.67,35.45,-84.47,,,PUB,19520229,1952-02-29 17:03:00,19520229,1952-02-29 17:03:00,Low,0.0,High
195203,21,1800,195203,21,1800,,10126041,TENNESSEE,47,1952,March,Tornado,C,45,DYER,,21-MAR-52 18:00:00,CST,21-MAR-52 18:00:00,10,0,2,0,250000.0,0,,0,,,,F4,4.7,200,,,,,0,,,0,,,36.02,-89.2,36.08,-89.18,,,PUB,19520321,1952-03-21 18:00:00,19520321,1952-03-21 18:00:00,Low,0.0,High
195203,21,2030,195203,21,2030,,10126042,TENNESSEE,47,1952,March,Tornado,C,45,DYER,,21-MAR-52 20:30:00,CST,21-MAR-52 20:30:00,30,0,10,0,250000.0,0,,0,,,,F3,18.1,1000,,,,,0,,,0,,,35.95,-89.43,36.13,-89.2,,,PUB,19520321,1952-03-21 20:03:00,19520321,1952-03-21 20:03:00,Low,0.0,High
195203,21,2030,195203,21,2030,,10126043,TENNESSEE,47,1952,March,Tornado,C,45,DYER,,21-MAR-52 20:30:00,CST,21-MAR-52 20:30:00,5,0,4,0,250000.0,0,,0,,,,F4,2.0,200,,,,,0,,,0,,,36.1,-89.27,,,,,PUB,19520321,1952-03-21 20:03:00,19520321,1952-03-21 20:03:00,Low,0.0,High
195202,13,1700,195202,13,1700,,10126030,TENNESSEE,47,1952,February,Tornado,C,5,BENTON,,13-FEB-52 17:00:00,CST,13-FEB-52 17:00:00,0,0,0,0,25000.0,0,,0,,,,F2,0.3,300,,,,,0,,,0,,,36.0,-88.12,,,,,PUB,19520213,1952-02-13 17:00:00,19520213,1952-02-13 17:00:00,Low,0.0,Moderate
195202,13,1945,195202,13,1945,,10126031,TENNESSEE,47,1952,February,Tornado,C,37,DAVIDSON,,13-FEB-52 19:45:00,CST,13-FEB-52 19:45:00,0,0,0,0,25000.0,0,,0,,,,F1,0.3,200,,,,,0,,,0,,,36.05,-87.03,,,,,PUB,19520213,1952-02-13 19:04:05,19520213,1952-02-13 19:04:05,Low,0.0,Moderate
195202,13,2100,195202,13,2100,,10126032,TENNESSEE,47,1952,February,Tornado,C,103,LINCOLN,,13-FEB-52 21:00:00,CST,13-FEB-52 21:00:00,0,0,0,0,0.0,0,,0,,,,F1,0.2,400,,,,,0,,,0,,,35.23,-86.82,,,,,PUB,19520213,1952-02-13 21:00:00,19520213,1952-02-13 21:00:00,Low,0.0,Low
195202,13,2200,195202,13,2200,,10126033,TENNESSEE,47,1952,February,Tornado,C,103,LINCOLN,,13-FEB-52 22:00:00,CST,13-FEB-52 22:00:00,2,0,0,0,250000.0,0,,0,,,,F3,7.4,350,,,,,0,,,0,,,35.22,-86.6,35.22,-86.47,,,PUB,19520213,1952-02-13 22:00:00,19520213,1952-02-13 22:00:00,Low,0.0,High
195202,13,2230,195202,13,2230,,10126034,TENNESSEE,47,1952,February,Tornado,C,127,MOORE,,13-FEB-52 22:30:00,CST,13-FEB-52 22:30:00,9,0,0,0,250000.0,0,,0,,,,F4,1.3,100,,,,,0,,,0,,,35.2,-86.3,35.2,-86.28,,,PUB,19520213,1952-02-13 22:03:00,19520213,1952-02-13 22:03:00,Low,0.0,High
195202,13,2240,195202,13,2240,,10126035,TENNESSEE,47,1952,February,Tornado,C,51,FRANKLIN,,13-FEB-52 22:40:00,CST,13-FEB-52 22:40:00,35,0,3,0,250000.0,0,,0,,,,F4,11.4,100,,,,,0,,,0,,,35.2,-86.28,35.22,-86.08,,,PUB,19520213,1952-02-13 22:04:00,19520213,1952-02-13 22:04:00,Low,0.0,High
195202,13,2300,195202,13,2300,,10126036,TENNESSEE,47,1952,February,Tornado,C,61,GRUNDY,,13-FEB-52 23:00:00,CST,13-FEB-52 23:00:00,2,0,0,0,250000.0,0,,0,,,,F3,5.1,400,,,,,0,,,0,,,35.25,-85.83,35.27,-85.75,,,PUB,19520213,1952-02-13 23:00:00,19520213,1952-02-13 23:00:00,Low,0.0,High
195201,28,600,195201,28,600,,10001440,GEORGIA,13,1952,January,Tornado,C,95,DOUGHERTY,,28-JAN-52 06:00:00,CST,28-JAN-52 06:00:00,1,0,0,0,25000.0,0,,0,,,,F1,2.0,100,,,,,0,,,0,,,31.58,-84.17,,,,,PUB,19520128,1952-01-28 06:00:00,19520128,1952-01-28 06:00:00,Low,0.0,Moderate
195201,28,630,195201,28,630,,10001441,GEORGIA,13,1952,January,Tornado,C,321,WORTH,,28-JAN-52 06:30:00,CST,28-JAN-52 06:30:00,0,0,0,0,25000.0,0,,0,,,,F2,1.0,100,,,,,0,,,0,,,31.52,-83.78,,,,,PUB,19520128,1952-01-28 06:03:00,19520128,1952-01-28 06:03:00,Low,0.0,Moderate
195201,28,710,195201,28,710,,10001442,GEORGIA,13,1952,January,Tornado,C,277,TIFT,,28-JAN-52 07:10:00,CST,28-JAN-52 07:10:00,2,0,0,0,250000.0,0,,0,,,,F1,0.1,400,,,,,0,,,0,,,31.47,-83.5,,,,,PUB,19520128,1952-01-28 07:01:00,19520128,1952-01-28 07:01:00,Low,0.0,High
195201,28,730,195201,28,730,,10001443,GEORGIA,13,1952,January,Tornado,C,107,EMANUEL,,28-JAN-52 07:30:00,CST,28-JAN-52 07:30:00,1,0,0,0,2500.0,0,,0,,,,F1,0.1,33,,,,,0,,,0,,,32.58,-82.33,,,,,PUB,19520128,1952-01-28 07:03:00,19520128,1952-01-28 07:03:00,Low,0.0,Low
195202,29,1900,195202,29,1900,,10001444,GEORGIA,13,1952,February,Tornado,C,119,FRANKLIN,,29-FEB-52 19:00:00,CST,29-FEB-52 19:00:00,0,0,0,0,25000.0,0,,0,,,,F2,7.8,77,,,,,0,,,0,,,34.4,-83.33,34.42,-83.2,,,PUB,19520229,1952-02-29 19:00:00,19520229,1952-02-29 19:00:00,Low,0.0,Moderate
195202,29,1930,195202,29,1930,,10001445,GEORGIA,13,1952,February,Tornado,C,11,BANKS,,29-FEB-52 19:30:00,CST,29-FEB-52 19:30:00,3,0,0,0,250000.0,0,,0,,,,F2,9.4,300,,,,,0,,,0,,,34.37,-83.58,34.37,-83.42,,,PUB,19520229,1952-02-29 19:03:00,19520229,1952-02-29 19:03:00,Low,0.0,High
195202,29,2015,195202,29,2015,,10001446,GEORGIA,13,1952,February,Tornado,C,157,JACKSON,,29-FEB-52 20:15:00,CST,29-FEB-52 20:15:00,5,0,0,0,25000.0,0,,0,,,,F2,0.2,17,,,,,0,,,0,,,34.12,-83.67,,,,,PUB,19520229,1952-02-29 20:01:05,19520229,1952-02-29 20:01:05,Low,0.0,Moderate
195203,3,2011,195203,3,2011,,10001447,GEORGIA,13,1952,March,Tornado,C,21,BIBB,,03-MAR-52 20:11:00,CST,03-MAR-52 20:11:00,4,0,0,0,250000.0,0,,0,,,,F3,4.3,400,,,,,0,,,0,,,32.8,-83.68,32.78,-83.62,,,PUB,19520303,1952-03-03 20:01:01,19520303,1952-03-03 20:01:01,Low,0.0,High
195203,13,1420,195203,13,1420,,10001448,GEORGIA,13,1952,March,Tornado,C,177,LEE,,13-MAR-52 14:20:00,CST,13-MAR-52 14:20:00,0,0,0,0,25000.0,0,,0,,,,F1,1.0,150,,,,,0,,,0,,,31.65,-84.17,,,,,PUB,19520313,1952-03-13 14:02:00,19520313,1952-03-13 14:02:00,Low,0.0,Moderate
195205,11,620,195205,11,620,,10001449,GEORGIA,13,1952,May,Tornado,C,19,BERRIEN,,11-MAY-52 06:20:00,CST,11-MAY-52 06:20:00,10,0,0,0,2500000.0,0,,0,,,,F3,4.3,200,,,,,0,,,0,,,31.37,-83.25,31.4,-83.2,,,PUB,19520511,1952-05-11 06:02:00,19520511,1952-05-11 06:02:00,Low,0.0,Severe
195202,13,400,195202,13,400,,10032661,LOUISIANA,22,1952,February,Tornado,C,17,CADDO,,13-FEB-52 04:00:00,CST,13-FEB-52 04:00:00,0,0,0,0,25000.0,0,,0,,,,F0,1.0,133,,,,,0,,,0,,,32.98,-94.0,,,,,PUB,19520213,1952-02-13 04:00:00,19520213,1952-02-13 04:00:00,Low,0.0,Moderate
195202,19,900,195202,19,900,,10032662,LOUISIANA,22,1952,February,Tornado,C,17,CADDO,,19-FEB-52 09:00:00,CST,19-FEB-52 09:00:00,5,0,0,0,25000.0,0,,0,,,,F2,0.5,200,,,,,0,,,0,,,32.35,-94.0,,,,,PUB,19520219,1952-02-19 09:00:00,19520219,1952-02-19 09:00:00,Low,0.0,Moderate
195203,10,830,195203,10,830,,10032663,LOUISIANA,22,1952,March,Tornado,C,31,DE SOTO,,10-MAR-52 08:30:00,CST,10-MAR-52 08:30:00,0,0,0,0,250000.0,0,,0,,,,F3,50.9,650,,,,,0,,,0,,,32.23,-93.65,32.78,-93.07,,,PUB,19520310,1952-03-10 08:03:00,19520310,1952-03-10 08:03:00,Low,0.0,High
195204,3,2300,195204,3,2300,,10032664,LOUISIANA,22,1952,April,Tornado,C,27,CLAIBORNE,,03-APR-52 23:00:00,CST,03-APR-52 23:00:00,0,0,0,0,25000.0,0,,0,,,,F1,2.0,67,,,,,0,,,0,,,32.95,-92.83,,,,,PUB,19520403,1952-04-03 23:00:00,19520403,1952-04-03 23:00:00,Low,0.0,Moderate
195204,4,200,195204,4,200,,10032665,LOUISIANA,22,1952,April,Tornado,C,53,JEFFERSON DAVIS,,04-APR-52 02:00:00,CST,04-APR-52 02:00:00,10,0,0,0,250000.0,0,,0,,,,F3,16.5,100,,,,,0,,,0,,,30.17,-92.87,30.27,-92.62,,,PUB,19520404,1952-04-04 02:00:00,19520404,1952-04-04 02:00:00,Low,0.0,High
195204,4,230,195204,4,230,,10032666,LOUISIANA,22,1952,April,Tornado,C,1,ACADIA,,04-APR-52 02:30:00,CST,04-APR-52 02:30:00,0,0,0,0,250000.0,0,,0,,,,F3,20.2,100,,,,,0,,,0,,,30.27,-92.62,30.37,-92.3,,,PUB,19520404,1952-04-04 02:03:00,19520404,1952-04-04 02:03:00,Low,0.0,High
195204,4,330,195204,4,330,,10032667,LOUISIANA,22,1952,April,Tornado,C,97,ST. LANDRY,,04-APR-52 03:30:00,CST,04-APR-52 03:30:00,33,0,4,0,250000.0,0,,0,,,,F2,13.2,67,,,,,0,,,0,,,30.37,-92.13,30.4,-91.92,,,PUB,19520404,1952-04-04 03:03:00,19520404,1952-04-04 03:03:00,Low,0.0,High
195204,4,330,195204,4,330,,10032668,LOUISIANA,22,1952,April,Tornado,C,101,ST. MARY,,04-APR-52 03:30:00,CST,04-APR-52 03:30:00,3,0,0,0,2500000.0,0,,0,,,,F2,6.4,20,,,,,0,,,0,,,29.87,-91.62,29.93,-91.55,,,PUB,19520404,1952-04-04 03:03:00,19520404,1952-04-04 03:03:00,Low,0.0,Severe
195204,4,350,195204,4,350,,10032669,LOUISIANA,22,1952,April,Tornado,C,99,ST. MARTIN,,04-APR-52 03:50:00,CST,04-APR-52 03:50:00,0,0,0,0,250000.0,0,,0,,,,F2,7.2,67,,,,,0,,,0,,,30.4,-91.92,30.4,-91.8,,,PUB,19520404,1952-04-04 03:05:00,19520404,1952-04-04 03:05:00,Low,0.0,High
195204,23,915,195204,23,915,,10032670,LOUISIANA,22,1952,April,Tornado,C,105,TANGIPAHOA,,23-APR-52 09:15:00,CST,23-APR-52 09:15:00,0,0,0,0,2500.0,0,,0,,,,F0,0.5,20,,,,,0,,,0,,,30.88,-90.5,,,,,PUB,19520423,1952-04-23 09:01:05,19520423,1952-04-23 09:01:05,Low,0.0,Low
195205,19,900,195205,19,900,,10032671,LOUISIANA,22,1952,May,Tornado,C,109,TERREBONNE,,19-MAY-52 09:00:00,CST,19-MAY-52 09:00:00,0,0,0,0,25000.0,0,,0,,,,F0,1.0,33,,,,,0,,,0,,,29.6,-90.67,,,,,PUB,19520519,1952-05-19 09:00:00,19520519,1952-05-19 09:00:00,Low,0.0,Moderate
195204,4,920,195204,4,920,,9991450,FLORIDA,12,1952,April,Tornado,C,5,BAY,,04-APR-52 09:20:00,CST,04-APR-52 09:20:00,1,0,0,0,2500.0,0,,0,,,,F1,0.0,20,,,,,0,,,0,,,30.17,-85.7,,,,,PUB,19520404,1952-04-04 09:02:00,19520404,1952-04-04 09:02:00,Low,0.0,Low
195205,23,1330,195205,23,1330,,9991451,FLORIDA,12,1952,May,Tornado,C,53,HERNANDO,,23-MAY-52 13:30:00,CST,23-MAY-52 13:30:00,1,0,0,0,2500.0,0,,0,,,,F0,0.0,33,,,,,0,,,0,,,28.55,-82.38,,,,,PUB,19520523,1952-05-23 13:03:00,19520523,1952-05-23 13:03:00,Low,0.0,Low
195205,30,1100,195205,30,1100,,9991452,FLORIDA,12,1952,May,Tornado,C,103,PINELLAS,,30-MAY-52 11:00:00,CST,30-MAY-52 11:00:00,0,0,0,0,2500.0,0,,0,,,,F2,0.1,33,,,,,0,,,0,,,27.93,-82.82,,,,,PUB,19520530,1952-05-30 11:00:00,19520530,1952-05-30 11:00:00,Low,0.0,Low
195206,13,1200,195206,13,1200,,9991453,FLORIDA,12,1952,June,Tornado,C,103,PINELLAS,,13-JUN-52 12:00:00,CST,13-JUN-52 12:00:00,0,0,0,0,2500.0,0,,0,,,,F1,2.5,33,,,,,0,,,0,,,27.77,-82.62,,,,,PUB,19520613,1952-06-13 12:00:00,19520613,1952-06-13 12:00:00,Low,0.0,Low
195208,16,1445,195208,16,1445,,9991455,FLORIDA,12,1952,August,Tornado,C,99,PALM BEACH,,16-AUG-52 14:45:00,CST,16-AUG-52 14:45:00,0,0,0,0,2500.0,0,,0,,,,F1,0.2,17,,,,,0,,,0,,,26.77,-80.22,,,,,PUB,19520816,1952-08-16 14:04:05,19520816,1952-08-16 14:04:05,Low,0.0,Low
195202,26,1020,195202,26,1020,,9991239,FLORIDA,12,1952,February,Tornado,C,99,PALM BEACH,,26-FEB-52 10:20:00,CST,26-FEB-52 10:20:00,0,0,0,0,2500.0,0,,0,,,,F1,1.5,17,,,,,0,,,0,,,26.57,-80.12,,,,,PUB,19520226,1952-02-26 10:02:00,19520226,1952-02-26 10:02:00,Low,0.0,Low
195204,8,1330,195204,8,1330,,10025350,KANSAS,20,1952,April,Tornado,C,47,EDWARDS,,08-APR-52 13:30:00,CST,08-APR-52 13:30:00,0,0,0,0,250.0,0,,0,,,,F1,0.0,33,,,,,0,,,0,,,37.87,-99.47,,,,,PUB,19520408,1952-04-08 13:03:00,19520408,1952-04-08 13:03:00,Low,0.0,Low
195204,22,1730,195204,22,1730,,10025351,KANSAS,20,1952,April,Tornado,C,161,RILEY,,22-APR-52 17:30:00,CST,22-APR-52 17:30:00,0,0,0,0,0.0,0,,0,,,,,0.0,33,,,,,0,,,0,,,39.18,-96.75,,,,,PUB,19520422,1952-04-22 17:03:00,19520422,1952-04-22 17:03:00,Low,0.0,Low
195204,29,1330,195204,29,1330,,10025352,KANSAS,20,1952,April,Tornado,C,119,MEADE,,29-APR-52 13:30:00,CST,29-APR-52 13:30:00,0,0,0,0,0.0,0,,0,,,,F0,0.0,33,,,,,0,,,0,,,37.08,-100.08,,,,,PUB,19520429,1952-04-29 13:03:00,19520429,1952-04-29 13:03:00,Low,0.0,Low
195204,30,1914,195204,30,1914,,10025353,KANSAS,20,1952,April,Tornado,C,185,STAFFORD,,30-APR-52 19:14:00,CST,30-APR-52 19:14:00,0,0,0,0,0.0,0,,0,,,,F0,0.0,33,,,,,0,,,0,,,38.07,-98.67,,,,,PUB,19520430,1952-04-30 19:01:04,19520430,1952-04-30 19:01:04,Low,0.0,Low
195204,30,2050,195204,30,2050,,10025354,KANSAS,20,1952,April,Tornado,C,57,FORD,,30-APR-52 20:50:00,CST,30-APR-52 20:50:00,0,0,0,0,0.0,0,,0,,,,F0,0.0,33,,,,,0,,,0,,,37.75,-99.83,,,,,PUB,19520430,1952-04-30 20:05:00,19520430,1952-04-30 20:05:00,Low,0.0,Low
195205,21,1800,195205,21,1800,,10025355,KANSAS,20,1952,May,Tornado,C,141,OSBORNE,,21-MAY-52 18:00:00,CST,21-MAY-52 18:00:00,0,0,0,0,0.0,0,,0,,,,,0.0,33,,,,,0,,,0,,,39.52,-99.0,,,,,PUB,19520521,1952-05-21 18:00:00,19520521,1952-05-21 18:00:00,Low,0.0,Low
195205,21,1930,195205,21,1930,,10025356,KANSAS,20,1952,May,Tornado,C,157,REPUBLIC,,21-MAY-52 19:30:00,CST,21-MAY-52 19:30:00,0,0,0,0,25000.0,0,,0,,,,F2,0.2,100,,,,,0,,,0,,,39.68,-97.87,,,,,PUB,19520521,1952-05-21 19:03:00,19520521,1952-05-21 19:03:00,Low,0.0,Moderate
195204,5,1000,195204,5,1000,,10153065,VIRGINIA,51,1952,April,Tornado,C,165,ROCKINGHAM,,05-APR-52 10:00:00,CST,05-APR-52 10:00:00,0,0,0,0,250000.0,0,,0,,,,F2,4.9,33,,,,,0,,,0,,,38.37,-78.73,38.42,-78.67,,,PUB,19520405,1952-04-05 10:00:00,19520405,1952-04-05 10:00:00,Low,0.0,High
195205,22,1710,195205,22,1710,,10025357,KANSAS,20,1952,May,Tornado,C,45,DOUGLAS,,22-MAY-52 17:10:00,CST,22-MAY-52 17:10:00,2,0,0,0,250000.0,0,,0,,,,F4,2.7,440,,,,,0,,,0,,,38.98,-95.22,39.0,-95.17,,,PUB,19520522,1952-05-22 17:01:00,19520522,1952-05-22 17:01:00,Low,0.0,High
195205,22,1725,195205,22,1725,,10025358,KANSAS,20,1952,May,Tornado,C,103,LEAVENWORTH,,22-MAY-52 17:25:00,CST,22-MAY-52 17:25:00,0,0,0,0,250000.0,0,,0,,,,F4,13.3,440,,,,,0,,,0,,,39.03,-95.17,39.03,-94.92,,,PUB,19520522,1952-05-22 17:02:05,19520522,1952-05-22 17:02:05,Low,0.0,High
195204,5,915,195204,5,915,,10153064,VIRGINIA,51,1952,April,Tornado,C,15,AUGUSTA,,05-APR-52 09:15:00,CST,05-APR-52 09:15:00,2,0,0,0,25000.0,0,,0,,,,F2,1.0,150,,,,,0,,,0,,,38.22,-78.83,,,,,PUB,19520405,1952-04-05 09:01:05,19520405,1952-04-05 09:01:05,Low,0.0,Moderate
195203,18,1807,195203,18,1807,,10009726,ILLINOIS,17,1952,March,Tornado,C,61,GREENE,,18-MAR-52 18:07:00,CST,18-MAR-52 18:07:00,1,0,0,0,25000.0,0,,0,,,,F1,3.0,10,,,,,0,,,0,,,39.18,-90.37,39.22,-90.32,,,PUB,19520318,1952-03-18 18:00:07,19520318,1952-03-18 18:00:07,Low,0.0,Moderate
195203,18,1821,195203,18,1821,,10009727,ILLINOIS,17,1952,March,Tornado,C,157,RANDOLPH,,18-MAR-52 18:21:00,CST,18-MAR-52 18:21:00,0,0,0,0,250000.0,0,,0,,,,F2,4.9,100,,,,,0,,,0,,,38.1,-89.93,38.15,-89.87,,,PUB,19520318,1952-03-18 18:02:01,19520318,1952-03-18 18:02:01,Low,0.0,High
195205,24,1750,195205,24,1750,,10009728,ILLINOIS,17,1952,May,Tornado,C,163,ST. CLAIR,,24-MAY-52 17:50:00,CST,24-MAY-52 17:50:00,0,0,0,0,25000.0,0,,0,,,,F1,0.0,33,,,,,0,,,0,,,39.5,-90.02,,,,,PUB,19520524,1952-05-24 17:05:00,19520524,1952-05-24 17:05:00,Low,0.0,Moderate
195207,17,1700,195207,17,1700,,10009729,ILLINOIS,17,1952,July,Tornado,C,131,MERCER,,17-JUL-52 17:00:00,CST,17-JUL-52 17:00:00,0,0,0,0,2500.0,0,,0,,,,F1,0.0,33,,,,,0,,,0,,,41.1,-90.78,,,,,PUB,19520717,1952-07-17 17:00:00,19520717,1952-07-17 17:00:00,Low,0.0,Low
195203,21,2200,195203,21,2200,,10126257,TENNESSEE,47,1952,March,Tornado,C,47,FAYETTE,,21-MAR-52 22:00:00,CST,21-MAR-52 22:00:00,50,0,7,0,250000.0,0,,0,,,,F4,18.7,427,,,,,0,,,0,,,35.0,-89.58,35.12,-89.28,,,PUB,19520321,1952-03-21 22:00:00,19520321,1952-03-21 22:00:00,Low,0.0,High
195203,21,2245,195203,21,2245,,10126258,TENNESSEE,47,1952,March,Tornado,C,53,GIBSON,,21-MAR-52 22:45:00,CST,21-MAR-52 22:45:00,2,0,2,0,25000.0,0,,0,,,,F2,0.1,150,,,,,0,,,0,,,35.8,-88.78,,,,,PUB,19520321,1952-03-21 22:04:05,19520321,1952-03-21 22:04:05,Low,0.0,Moderate
195203,21,2250,195203,21,2250,,10126259,TENNESSEE,47,1952,March,Tornado,C,17,CARROLL,,21-MAR-52 22:50:00,CST,21-MAR-52 22:50:00,3,0,0,0,250000.0,0,,0,,,,F3,0.1,100,,,,,0,,,0,,,35.85,-88.67,,,,,PUB,19520321,1952-03-21 22:05:00,19520321,1952-03-21 22:05:00,Low,0.0,High
195203,21,2300,195203,21,2300,,10126260,TENNESSEE,47,1952,March,Tornado,C,17,CARROLL,,21-MAR-52 23:00:00,CST,21-MAR-52 23:00:00,8,0,1,0,250000.0,0,,0,,,,F2,0.1,150,,,,,0,,,0,,,35.93,-88.5,,,,,PUB,19520321,1952-03-21 23:00:00,19520321,1952-03-21 23:00:00,Low,0.0,High
195203,21,2317,195203,21,2317,,10126261,TENNESSEE,47,1952,March,Tornado,C,17,CARROLL,,21-MAR-52 23:17:00,CST,21-MAR-52 23:17:00,19,0,0,0,250000.0,0,,0,,,,F3,5.1,177,,,,,0,,,0,,,36.02,-88.27,36.07,-88.2,,,PUB,19520321,1952-03-21 23:01:07,19520321,1952-03-21 23:01:07,Low,0.0,High
195203,21,2330,195203,21,2330,,10126262,TENNESSEE,47,1952,March,Tornado,C,69,HARDEMAN,,21-MAR-52 23:30:00,CST,21-MAR-52 23:30:00,14,0,4,0,2500000.0,0,,0,,,,F4,11.1,177,,,,,0,,,0,,,35.27,-88.98,35.35,-88.82,,,PUB,19520321,1952-03-21 23:03:00,19520321,1952-03-21 23:03:00,Low,0.0,Severe
195203,21,2355,195203,21,2355,,10126263,TENNESSEE,47,1952,March,Tornado,C,85,HUMPHREYS,,21-MAR-52 23:55:00,CST,21-MAR-52 23:55:00,0,0,0,0,25000.0,0,,0,,,,F2,0.3,500,,,,,0,,,0,,,35.85,-87.68,,,,,PUB,19520321,1952-03-21 23:05:05,19520321,1952-03-21 23:05:05,Low,0.0,Moderate
195203,22,1,195203,22,1,,10126264,TENNESSEE,47,1952,March,Tornado,C,23,CHESTER,,22-MAR-52 00:01:00,CST,22-MAR-52 00:01:00,100,0,23,0,2500000.0,0,,0,,,,F4,19.8,177,,,,,0,,,0,,,35.35,-88.82,35.5,-88.52,,,PUB,19520322,,19520322,,Low,,Severe
195203,22,20,195203,22,20,,10126265,TENNESSEE,47,1952,March,Tornado,C,81,HICKMAN,,22-MAR-52 00:20:00,CST,22-MAR-52 00:20:00,10,0,3,0,25000.0,0,,0,,,,F2,0.5,40,,,,,0,,,0,,,35.87,-87.58,,,,,PUB,19520322,,19520322,,Low,,Moderate
195203,22,100,195203,22,100,,10126266,TENNESSEE,47,1952,March,Tornado,C,77,HENDERSON,,22-MAR-52 01:00:00,CST,22-MAR-52 01:00:00,43,0,11,0,2500000.0,0,,0,,,,F4,15.9,177,,,,,0,,,0,,,35.5,-88.52,35.63,-88.28,,,PUB,19520322,1952-03-22 01:00:00,19520322,1952-03-22 01:00:00,Low,0.0,Severe
195203,22,1115,195203,22,1115,,10126267,TENNESSEE,47,1952,March,Tornado,C,159,SMITH,,22-MAR-52 11:15:00,CST,22-MAR-52 11:15:00,1,0,0,0,25000.0,0,,0,,,,F1,0.3,7,,,,,0,,,0,,,36.25,-85.93,,,,,PUB,19520322,1952-03-22 11:01:05,19520322,1952-03-22 11:01:05,Low,0.0,Moderate
195206,30,1805,195206,30,1805,,10126268,TENNESSEE,47,1952,June,Tornado,C,37,DAVIDSON,,30-JUN-52 18:05:00,CST,30-JUN-52 18:05:00,0,0,0,0,2500.0,0,,0,,,,F1,0.3,7,,,,,0,,,0,,,36.03,-86.77,,,,,PUB,19520630,1952-06-30 18:00:05,19520630,1952-06-30 18:00:05,Low,0.0,Low
